#
# There is insufficient memory for the Java Runtime Environment to continue.
# Native memory allocation (malloc) failed to allocate 1049368 bytes. Error detail: Chunk::new
# Possible reasons:
#   The system is out of physical RAM or swap space
#   This process is running with CompressedOops enabled, and the Java Heap may be blocking the growth of the native heap
# Possible solutions:
#   Reduce memory load on the system
#   Increase physical memory or swap space
#   Check if swap backing store is full
#   Decrease Java heap size (-Xmx/-Xms)
#   Decrease number of Java threads
#   Decrease Java thread stack sizes (-Xss)
#   Set larger code cache with -XX:ReservedCodeCacheSize=
#   JVM is running with Unscaled Compressed Oops mode in which the Java heap is
#     placed in the first 4GB address space. The Java Heap base address is the
#     maximum limit for the native heap growth. Please use -XX:HeapBaseMinAddress
#     to set the Java Heap base and to place the Java Heap above 4GB virtual address.
# This output file may be truncated or incomplete.
#
#  Out of Memory Error (arena.cpp:162), pid=21556, tid=34456
#
# JRE version: Java(TM) SE Runtime Environment (24.0.1+9) (build 24.0.1+9-30)
# Java VM: Java HotSpot(TM) 64-Bit Server VM (24.0.1+9-30, mixed mode, sharing, tiered, compressed oops, compressed class ptrs, g1 gc, windows-amd64)
# No core dump will be written. Minidumps are not enabled by default on client versions of Windows
#

---------------  S U M M A R Y ------------

Command Line: C:\Users\JEREMIE\.local\share\kilo\bin\jdtls\plugins\org.eclipse.equinox.launcher_1.7.100.v20251111-0406.jar -configuration C:\Users\JEREMIE\.local\share\kilo\bin\jdtls\config_win -data C:\Users\JEREMIE\AppData\Local\Temp\opencode-jdtls-dataNkeLAC -Declipse.application=org.eclipse.jdt.ls.core.id1 -Dosgi.bundles.defaultStartLevel=4 -Declipse.product=org.eclipse.jdt.ls.core.product -Dlog.level=ALL --add-modules=ALL-SYSTEM --add-opens java.base/java.util=ALL-UNNAMED --add-opens java.base/java.lang=ALL-UNNAMED

Host: Intel(R) Core(TM) i7-8565U CPU @ 1.80GHz, 8 cores, 7G,  Windows 11 , 64 bit Build 26100 (10.0.26100.7920)
Time: Mon Apr  6 13:36:53 2026 Afr. centrale Ouest elapsed time: 132917.275530 seconds (1d 12h 55m 17s)

---------------  T H R E A D  ---------------

Current thread (0x0000013636276b10):  JavaThread "C2 CompilerThread0" daemon [_thread_in_native, id=34456, stack(0x00000004f7000000,0x00000004f7100000) (1024K)]


Current CompileTask:
C2:132917275 21660       4       org.eclipse.jdt.internal.compiler.lookup.MethodVerifier15::checkMethods (1164 bytes)

Stack: [0x00000004f7000000,0x00000004f7100000]
Native frames: (J=compiled Java code, j=interpreted, Vv=VM code, C=native code)
V  [jvm.dll+0x730739]  (no source info available)
V  [jvm.dll+0x8d9b23]  (no source info available)
V  [jvm.dll+0x8dc00d]  (no source info available)
V  [jvm.dll+0x8dc683]  (no source info available)
V  [jvm.dll+0x2aa086]  (no source info available)
V  [jvm.dll+0xcedef]  (no source info available)
V  [jvm.dll+0xcf04f]  (no source info available)
V  [jvm.dll+0x3f373c]  (no source info available)
V  [jvm.dll+0x3c0100]  (no source info available)
V  [jvm.dll+0x3bf58a]  (no source info available)
V  [jvm.dll+0x26f777]  (no source info available)
V  [jvm.dll+0x26ea3f]  (no source info available)
V  [jvm.dll+0x1e9d60]  (no source info available)
V  [jvm.dll+0x27e1fb]  (no source info available)
V  [jvm.dll+0x27c49a]  (no source info available)
V  [jvm.dll+0x42f456]  (no source info available)
V  [jvm.dll+0x87d76b]  (no source info available)
V  [jvm.dll+0x72ee55]  (no source info available)
C  [ucrtbase.dll+0x37b0]  (no source info available)
C  [KERNEL32.DLL+0x2e8d7]  (no source info available)
C  [ntdll.dll+0x8c48c]  (no source info available)

Lock stack of current Java thread (top to bottom):


---------------  P R O C E S S  ---------------

Threads class SMR info:
_java_thread_list=0x000001367ec99540, length=37, elements={
0x0000013617012560, 0x000001363626ad00, 0x000001363626b440, 0x000001363626ed10,
0x000001363626fac0, 0x00000136362719d0, 0x0000013636272a00, 0x0000013636276b10,
0x0000013636292480, 0x00000136363168c0, 0x00000136363152d0, 0x000001367c555ec0,
0x000001367c556d60, 0x000001367c5574b0, 0x000001367c557c00, 0x000001367c558350,
0x000001367c55a090, 0x000001367c55af30, 0x000001367c55c520, 0x000001367d7097b0,
0x000001367d70bc40, 0x000001367d70a650, 0x000001367d70c390, 0x000001367d70d230,
0x000001367d709f00, 0x000001367d70ef70, 0x000001367d70d980, 0x000001367d70fe10,
0x0000013636314430, 0x0000013636316170, 0x000001367c556610, 0x0000013636313590,
0x0000013636314b80, 0x000001367f698d30, 0x000001367f69c7b0, 0x000001367f69dda0,
0x000001367c03ae70
}

Java Threads: ( => current thread )
  0x0000013617012560 JavaThread "main"                              [_thread_blocked, id=4188, stack(0x00000004f6200000,0x00000004f6300000) (1024K)]
  0x000001363626ad00 JavaThread "Reference Handler"          daemon [_thread_blocked, id=29460, stack(0x00000004f6a00000,0x00000004f6b00000) (1024K)]
  0x000001363626b440 JavaThread "Finalizer"                  daemon [_thread_blocked, id=15520, stack(0x00000004f6b00000,0x00000004f6c00000) (1024K)]
  0x000001363626ed10 JavaThread "Signal Dispatcher"          daemon [_thread_blocked, id=33540, stack(0x00000004f6c00000,0x00000004f6d00000) (1024K)]
  0x000001363626fac0 JavaThread "Attach Listener"            daemon [_thread_blocked, id=28332, stack(0x00000004f6d00000,0x00000004f6e00000) (1024K)]
  0x00000136362719d0 JavaThread "Service Thread"             daemon [_thread_blocked, id=30768, stack(0x00000004f6e00000,0x00000004f6f00000) (1024K)]
  0x0000013636272a00 JavaThread "Monitor Deflation Thread"   daemon [_thread_blocked, id=11832, stack(0x00000004f6f00000,0x00000004f7000000) (1024K)]
=>0x0000013636276b10 JavaThread "C2 CompilerThread0"         daemon [_thread_in_native, id=34456, stack(0x00000004f7000000,0x00000004f7100000) (1024K)]
  0x0000013636292480 JavaThread "C1 CompilerThread0"         daemon [_thread_blocked, id=31048, stack(0x00000004f7100000,0x00000004f7200000) (1024K)]
  0x00000136363168c0 JavaThread "Notification Thread"        daemon [_thread_blocked, id=36268, stack(0x00000004f7200000,0x00000004f7300000) (1024K)]
  0x00000136363152d0 JavaThread "Common-Cleaner"             daemon [_thread_blocked, id=18768, stack(0x00000004f7300000,0x00000004f7400000) (1024K)]
  0x000001367c555ec0 JavaThread "Active Thread: Equinox Container: c464575f-2790-4449-ac8b-a17a7b298454"        [_thread_blocked, id=36952, stack(0x00000004f7a00000,0x00000004f7b00000) (1024K)]
  0x000001367c556d60 JavaThread "Framework Event Dispatcher: Equinox Container: c464575f-2790-4449-ac8b-a17a7b298454" daemon [_thread_blocked, id=36344, stack(0x00000004f7b00000,0x00000004f7c00000) (1024K)]
  0x000001367c5574b0 JavaThread "Start Level: Equinox Container: c464575f-2790-4449-ac8b-a17a7b298454" daemon [_thread_blocked, id=1856, stack(0x00000004f7c00000,0x00000004f7d00000) (1024K)]
  0x000001367c557c00 JavaThread "Bundle File Closer"         daemon [_thread_blocked, id=4776, stack(0x00000004f8200000,0x00000004f8300000) (1024K)]
  0x000001367c558350 JavaThread "Refresh Thread: Equinox Container: c464575f-2790-4449-ac8b-a17a7b298454" daemon [_thread_blocked, id=28880, stack(0x00000004f8300000,0x00000004f8400000) (1024K)]
  0x000001367c55a090 JavaThread "SCR Component Actor"        daemon [_thread_blocked, id=22536, stack(0x00000004f8600000,0x00000004f8700000) (1024K)]
  0x000001367c55af30 JavaThread "Worker-JM"                         [_thread_blocked, id=19380, stack(0x00000004f8700000,0x00000004f8800000) (1024K)]
  0x000001367c55c520 JavaThread "Java indexing"              daemon [_thread_blocked, id=37516, stack(0x00000004f7d00000,0x00000004f7e00000) (1024K)]
  0x000001367d7097b0 JavaThread "JNA Cleaner"                daemon [_thread_blocked, id=11116, stack(0x00000004f9200000,0x00000004f9300000) (1024K)]
  0x000001367d70bc40 JavaThread "pool-2-thread-1"                   [_thread_blocked, id=28988, stack(0x00000004f9800000,0x00000004f9900000) (1024K)]
  0x000001367d70a650 JavaThread "WorkspaceEventsHandler"            [_thread_blocked, id=26180, stack(0x00000004f9a00000,0x00000004f9b00000) (1024K)]
  0x000001367d70c390 JavaThread "pool-1-thread-1"                   [_thread_in_native, id=37060, stack(0x00000004f9b00000,0x00000004f9c00000) (1024K)]
  0x000001367d70d230 JavaThread "Timer-0"                           [_thread_blocked, id=31396, stack(0x00000004f7500000,0x00000004f7600000) (1024K)]
  0x000001367d709f00 JavaThread "Timer-1"                           [_thread_blocked, id=2904, stack(0x00000004f7600000,0x00000004f7700000) (1024K)]
  0x000001367d70ef70 JavaThread "Timer-2"                           [_thread_blocked, id=31264, stack(0x00000004f7800000,0x00000004f7900000) (1024K)]
  0x000001367d70d980 JavaThread "Timer-3"                           [_thread_blocked, id=34700, stack(0x00000004f7900000,0x00000004f7a00000) (1024K)]
  0x000001367d70fe10 JavaThread "Timer-4"                           [_thread_blocked, id=17300, stack(0x00000004f7700000,0x00000004f7800000) (1024K)]
  0x0000013636314430 JavaThread "Timer-5"                           [_thread_blocked, id=26196, stack(0x00000004f6100000,0x00000004f6200000) (1024K)]
  0x0000013636316170 JavaThread "Timer-6"                           [_thread_blocked, id=15372, stack(0x00000004f7400000,0x00000004f7500000) (1024K)]
  0x000001367c556610 JavaThread "Timer-7"                           [_thread_blocked, id=19516, stack(0x00000004f8500000,0x00000004f8600000) (1024K)]
  0x0000013636313590 JavaThread "Worker-27"                         [_thread_blocked, id=68068, stack(0x00000004f8900000,0x00000004f8a00000) (1024K)]
  0x0000013636314b80 JavaThread "Worker-28"                         [_thread_blocked, id=73600, stack(0x00000004f6000000,0x00000004f6100000) (1024K)]
  0x000001367f698d30 JavaThread "Worker-29"                         [_thread_blocked, id=79688, stack(0x00000004f5f00000,0x00000004f6000000) (1024K)]
  0x000001367f69c7b0 JavaThread "Compiler Source File Reader" daemon [_thread_blocked, id=75160, stack(0x00000004f8400000,0x00000004f8500000) (1024K)]
  0x000001367f69dda0 JavaThread "Compiler Processing Task"   daemon [_thread_blocked, id=86228, stack(0x00000004f8800000,0x00000004f8900000) (1024K)]
  0x000001367c03ae70 JavaThread "C2 CompilerThread1"         daemon [_thread_in_native, id=73592, stack(0x00000004f8a00000,0x00000004f8b00000) (1024K)]
Total: 37

Other Threads:
  0x00000136362617c0 VMThread "VM Thread"                           [id=8188, stack(0x00000004f6900000,0x00000004f6a00000) (1024K)]
  0x000001363624bb20 WatcherThread "VM Periodic Task Thread"        [id=28500, stack(0x00000004f6800000,0x00000004f6900000) (1024K)]
  0x0000013619592e60 WorkerThread "GC Thread#0"                     [id=25376, stack(0x00000004f6300000,0x00000004f6400000) (1024K)]
  0x000001367c903890 WorkerThread "GC Thread#1"                     [id=32856, stack(0x00000004f7f00000,0x00000004f8000000) (1024K)]
  0x000001367ca3ea60 WorkerThread "GC Thread#2"                     [id=24908, stack(0x00000004f8000000,0x00000004f8100000) (1024K)]
  0x000001367c903c40 WorkerThread "GC Thread#3"                     [id=37860, stack(0x00000004f8100000,0x00000004f8200000) (1024K)]
  0x000001367d215e60 WorkerThread "GC Thread#4"                     [id=27376, stack(0x00000004f7e00000,0x00000004f7f00000) (1024K)]
  0x000001367d2165c0 WorkerThread "GC Thread#5"                     [id=23224, stack(0x00000004f8b00000,0x00000004f8c00000) (1024K)]
  0x000001367d216970 WorkerThread "GC Thread#6"                     [id=30700, stack(0x00000004f8c00000,0x00000004f8d00000) (1024K)]
  0x000001367c360a20 WorkerThread "GC Thread#7"                     [id=36020, stack(0x00000004f8d00000,0x00000004f8e00000) (1024K)]
  0x00000136195a7550 ConcurrentGCThread "G1 Main Marker"            [id=19468, stack(0x00000004f6400000,0x00000004f6500000) (1024K)]
  0x00000136195a7f70 WorkerThread "G1 Conc#0"                       [id=25028, stack(0x00000004f6500000,0x00000004f6600000) (1024K)]
  0x000001367c360dd0 WorkerThread "G1 Conc#1"                       [id=25220, stack(0x00000004f8e00000,0x00000004f8f00000) (1024K)]
  0x00000136360f52d0 ConcurrentGCThread "G1 Refine#0"               [id=10964, stack(0x00000004f6600000,0x00000004f6700000) (1024K)]
  0x00000136360f7d70 ConcurrentGCThread "G1 Service"                [id=29300, stack(0x00000004f6700000,0x00000004f6800000) (1024K)]
Total: 15

Threads with active compile tasks:
C2 CompilerThread0  132918783 21660       4       org.eclipse.jdt.internal.compiler.lookup.MethodVerifier15::checkMethods (1164 bytes)
C2 CompilerThread1  132918783 21668       4       org.eclipse.jdt.internal.compiler.ast.CompilationUnitDeclaration::finalizeProblems (990 bytes)
Total: 2

VM state: not at safepoint (normal execution)

VM Mutex/Monitor currently owned by a thread: None

Heap address: 0x0000000083600000, size: 1994 MB, Compressed Oops mode: 32-bit

CDS archive(s) mapped at: [0x0000013637000000-0x0000013637d40000-0x0000013637d40000), size 13893632, SharedBaseAddress: 0x0000013637000000, ArchiveRelocationMode: 1.
Compressed class space mapped at: 0x0000013638000000-0x0000013678000000, reserved size: 1073741824
UseCompressedClassPointers 1, UseCompactObjectHeaders 0
Narrow klass pointer bits 32, Max shift 3
Narrow klass base: 0x0000013637000000, Narrow klass shift: 0
Encoding Range: [0x0000013637000000 - 0x0000013737000000), (4294967296 bytes)
Klass Range:    [0x0000013637000000 - 0x0000013678000000), (1090519040 bytes)
Klass ID Range:  [8 - 1090519033) (1090519025)

GC Precious Log:
 CardTable entry size: 512
 Card Set container configuration: InlinePtr #cards 5 size 8 Array Of Cards #cards 10 size 36 Howl #buckets 4 coarsen threshold 1843 Howl Bitmap #cards 512 size 80 coarsen threshold 460 Card regions per heap region 1 cards per card region 2048
 CPUs: 8 total, 8 available
 Memory: 7971M
 Large Page Support: Disabled
 NUMA Support: Disabled
 Compressed Oops: Enabled (32-bit)
 Heap Region Size: 1M
 Heap Min Capacity: 8M
 Heap Initial Capacity: 126M
 Heap Max Capacity: 1994M
 Pre-touch: Disabled
 Parallel Workers: 8
 Concurrent Workers: 2
 Concurrent Refinement Workers: 8
 Periodic GC: Disabled

Heap:
 garbage-first heap   total reserved 2041856K, committed 419840K, used 175271K [0x0000000083600000, 0x0000000100000000)
  region size 1024K, 68 young (69632K), 17 survivors (17408K)
 Metaspace       used 82701K, committed 83968K, reserved 1179648K
  class space    used 7840K, committed 8512K, reserved 1048576K

Heap Regions: E=young(eden), S=young(survivor), O=old, HS=humongous(starts), HC=humongous(continues), CS=collection set, F=free, TAMS=top-at-mark-start, PB=parsable bottom
|   0|0x0000000083600000, 0x0000000083700000, 0x0000000083700000|100%| O|  |TAMS 0x0000000083600000| PB 0x0000000083600000| Untracked |  0
|   1|0x0000000083700000, 0x0000000083800000, 0x0000000083800000|100%| O|  |TAMS 0x0000000083700000| PB 0x0000000083700000| Untracked |  0
|   2|0x0000000083800000, 0x0000000083900000, 0x0000000083900000|100%| O|  |TAMS 0x0000000083800000| PB 0x0000000083800000| Untracked |  0
|   3|0x0000000083900000, 0x0000000083a00000, 0x0000000083a00000|100%| O|  |TAMS 0x0000000083900000| PB 0x0000000083900000| Untracked |  0
|   4|0x0000000083a00000, 0x0000000083b00000, 0x0000000083b00000|100%| O|  |TAMS 0x0000000083a00000| PB 0x0000000083a00000| Untracked |  0
|   5|0x0000000083b00000, 0x0000000083c00000, 0x0000000083c00000|100%|HS|  |TAMS 0x0000000083b00000| PB 0x0000000083b00000| Complete |  0
|   6|0x0000000083c00000, 0x0000000083d00000, 0x0000000083d00000|100%| O|  |TAMS 0x0000000083c00000| PB 0x0000000083c00000| Untracked |  0
|   7|0x0000000083d00000, 0x0000000083e00000, 0x0000000083e00000|100%| O|  |TAMS 0x0000000083d00000| PB 0x0000000083d00000| Untracked |  0
|   8|0x0000000083e00000, 0x0000000083f00000, 0x0000000083f00000|100%| O|  |TAMS 0x0000000083e00000| PB 0x0000000083e00000| Untracked |  0
|   9|0x0000000083f00000, 0x0000000084000000, 0x0000000084000000|100%| O|  |TAMS 0x0000000083f00000| PB 0x0000000083f00000| Untracked |  0
|  10|0x0000000084000000, 0x0000000084100000, 0x0000000084100000|100%| O|  |TAMS 0x0000000084000000| PB 0x0000000084000000| Untracked |  0
|  11|0x0000000084100000, 0x0000000084200000, 0x0000000084200000|100%| O|  |TAMS 0x0000000084100000| PB 0x0000000084100000| Untracked |  0
|  12|0x0000000084200000, 0x0000000084300000, 0x0000000084300000|100%| O|  |TAMS 0x0000000084200000| PB 0x0000000084200000| Untracked |  0
|  13|0x0000000084300000, 0x0000000084400000, 0x0000000084400000|100%| O|  |TAMS 0x0000000084300000| PB 0x0000000084300000| Untracked |  0
|  14|0x0000000084400000, 0x0000000084500000, 0x0000000084500000|100%| O|  |TAMS 0x0000000084400000| PB 0x0000000084400000| Untracked |  0
|  15|0x0000000084500000, 0x0000000084600000, 0x0000000084600000|100%| O|  |TAMS 0x0000000084500000| PB 0x0000000084500000| Untracked |  0
|  16|0x0000000084600000, 0x0000000084700000, 0x0000000084700000|100%| O|  |TAMS 0x0000000084600000| PB 0x0000000084600000| Untracked |  0
|  17|0x0000000084700000, 0x0000000084800000, 0x0000000084800000|100%| O|  |TAMS 0x0000000084700000| PB 0x0000000084700000| Untracked |  0
|  18|0x0000000084800000, 0x0000000084900000, 0x0000000084900000|100%| O|  |TAMS 0x0000000084800000| PB 0x0000000084800000| Untracked |  0
|  19|0x0000000084900000, 0x0000000084a00000, 0x0000000084a00000|100%| O|  |TAMS 0x0000000084900000| PB 0x0000000084900000| Untracked |  0
|  20|0x0000000084a00000, 0x0000000084b00000, 0x0000000084b00000|100%| O|  |TAMS 0x0000000084a00000| PB 0x0000000084a00000| Untracked |  0
|  21|0x0000000084b00000, 0x0000000084c00000, 0x0000000084c00000|100%| O|Cm|TAMS 0x0000000084b00000| PB 0x0000000084b00000| Complete |  0
|  22|0x0000000084c00000, 0x0000000084d00000, 0x0000000084d00000|100%| O|  |TAMS 0x0000000084c00000| PB 0x0000000084c00000| Untracked |  0
|  23|0x0000000084d00000, 0x0000000084e00000, 0x0000000084e00000|100%| O|  |TAMS 0x0000000084d00000| PB 0x0000000084d00000| Untracked |  0
|  24|0x0000000084e00000, 0x0000000084f00000, 0x0000000084f00000|100%| O|  |TAMS 0x0000000084e00000| PB 0x0000000084e00000| Untracked |  0
|  25|0x0000000084f00000, 0x0000000085000000, 0x0000000085000000|100%| O|  |TAMS 0x0000000084f00000| PB 0x0000000084f00000| Untracked |  0
|  26|0x0000000085000000, 0x0000000085100000, 0x0000000085100000|100%| O|  |TAMS 0x0000000085000000| PB 0x0000000085000000| Untracked |  0
|  27|0x0000000085100000, 0x0000000085200000, 0x0000000085200000|100%| O|  |TAMS 0x0000000085100000| PB 0x0000000085100000| Untracked |  0
|  28|0x0000000085200000, 0x0000000085300000, 0x0000000085300000|100%| O|  |TAMS 0x0000000085200000| PB 0x0000000085200000| Untracked |  0
|  29|0x0000000085300000, 0x0000000085400000, 0x0000000085400000|100%|HS|  |TAMS 0x0000000085300000| PB 0x0000000085300000| Complete |  0
|  30|0x0000000085400000, 0x0000000085500000, 0x0000000085500000|100%|HC|  |TAMS 0x0000000085400000| PB 0x0000000085400000| Complete |  0
|  31|0x0000000085500000, 0x0000000085600000, 0x0000000085600000|100%|HC|  |TAMS 0x0000000085500000| PB 0x0000000085500000| Complete |  0
|  32|0x0000000085600000, 0x0000000085700000, 0x0000000085700000|100%|HC|  |TAMS 0x0000000085600000| PB 0x0000000085600000| Complete |  0
|  33|0x0000000085700000, 0x0000000085800000, 0x0000000085800000|100%| O|  |TAMS 0x0000000085700000| PB 0x0000000085700000| Untracked |  0
|  34|0x0000000085800000, 0x0000000085900000, 0x0000000085900000|100%| O|  |TAMS 0x0000000085800000| PB 0x0000000085800000| Untracked |  0
|  35|0x0000000085900000, 0x0000000085a00000, 0x0000000085a00000|100%| O|  |TAMS 0x0000000085900000| PB 0x0000000085900000| Untracked |  0
|  36|0x0000000085a00000, 0x0000000085b00000, 0x0000000085b00000|100%| O|  |TAMS 0x0000000085a00000| PB 0x0000000085a00000| Untracked |  0
|  37|0x0000000085b00000, 0x0000000085c00000, 0x0000000085c00000|100%| O|  |TAMS 0x0000000085b00000| PB 0x0000000085b00000| Untracked |  0
|  38|0x0000000085c00000, 0x0000000085d00000, 0x0000000085d00000|100%| O|  |TAMS 0x0000000085c00000| PB 0x0000000085c00000| Untracked |  0
|  39|0x0000000085d00000, 0x0000000085e00000, 0x0000000085e00000|100%| O|  |TAMS 0x0000000085d00000| PB 0x0000000085d00000| Untracked |  0
|  40|0x0000000085e00000, 0x0000000085f00000, 0x0000000085f00000|100%| O|  |TAMS 0x0000000085e00000| PB 0x0000000085e00000| Untracked |  0
|  41|0x0000000085f00000, 0x0000000086000000, 0x0000000086000000|100%| O|  |TAMS 0x0000000085f00000| PB 0x0000000085f00000| Untracked |  0
|  42|0x0000000086000000, 0x0000000086100000, 0x0000000086100000|100%| O|  |TAMS 0x0000000086000000| PB 0x0000000086000000| Untracked |  0
|  43|0x0000000086100000, 0x0000000086200000, 0x0000000086200000|100%| O|  |TAMS 0x0000000086100000| PB 0x0000000086100000| Untracked |  0
|  44|0x0000000086200000, 0x0000000086300000, 0x0000000086300000|100%| O|  |TAMS 0x0000000086200000| PB 0x0000000086200000| Untracked |  0
|  45|0x0000000086300000, 0x0000000086400000, 0x0000000086400000|100%| O|  |TAMS 0x0000000086300000| PB 0x0000000086300000| Untracked |  0
|  46|0x0000000086400000, 0x0000000086500000, 0x0000000086500000|100%| O|  |TAMS 0x0000000086400000| PB 0x0000000086400000| Untracked |  0
|  47|0x0000000086500000, 0x0000000086500000, 0x0000000086600000|  0%| F|  |TAMS 0x0000000086500000| PB 0x0000000086500000| Untracked |  0
|  48|0x0000000086600000, 0x0000000086700000, 0x0000000086700000|100%| O|  |TAMS 0x0000000086600000| PB 0x0000000086600000| Untracked |  0
|  49|0x0000000086700000, 0x0000000086800000, 0x0000000086800000|100%| O|  |TAMS 0x0000000086700000| PB 0x0000000086700000| Untracked |  0
|  50|0x0000000086800000, 0x0000000086900000, 0x0000000086900000|100%| O|  |TAMS 0x0000000086800000| PB 0x0000000086800000| Untracked |  0
|  51|0x0000000086900000, 0x0000000086a00000, 0x0000000086a00000|100%| O|  |TAMS 0x0000000086900000| PB 0x0000000086900000| Untracked |  0
|  52|0x0000000086a00000, 0x0000000086b00000, 0x0000000086b00000|100%|HS|  |TAMS 0x0000000086a00000| PB 0x0000000086a00000| Complete |  0
|  53|0x0000000086b00000, 0x0000000086c00000, 0x0000000086c00000|100%| O|  |TAMS 0x0000000086b00000| PB 0x0000000086b00000| Untracked |  0
|  54|0x0000000086c00000, 0x0000000086d00000, 0x0000000086d00000|100%| O|  |TAMS 0x0000000086c00000| PB 0x0000000086c00000| Untracked |  0
|  55|0x0000000086d00000, 0x0000000086e00000, 0x0000000086e00000|100%| O|  |TAMS 0x0000000086d00000| PB 0x0000000086d00000| Untracked |  0
|  56|0x0000000086e00000, 0x0000000086f00000, 0x0000000086f00000|100%| O|  |TAMS 0x0000000086e00000| PB 0x0000000086e00000| Untracked |  0
|  57|0x0000000086f00000, 0x0000000086f00000, 0x0000000087000000|  0%| F|  |TAMS 0x0000000086f00000| PB 0x0000000086f00000| Untracked |  0
|  58|0x0000000087000000, 0x0000000087100000, 0x0000000087100000|100%| O|  |TAMS 0x0000000087000000| PB 0x0000000087000000| Untracked |  0
|  59|0x0000000087100000, 0x0000000087200000, 0x0000000087200000|100%|HS|  |TAMS 0x0000000087100000| PB 0x0000000087100000| Complete |  0
|  60|0x0000000087200000, 0x0000000087200000, 0x0000000087300000|  0%| F|  |TAMS 0x0000000087200000| PB 0x0000000087200000| Untracked |  0
|  61|0x0000000087300000, 0x000000008738d550, 0x0000000087400000| 55%| O|Cm|TAMS 0x0000000087300000| PB 0x0000000087300000| Complete |  0
|  62|0x0000000087400000, 0x0000000087500000, 0x0000000087500000|100%| O|  |TAMS 0x0000000087400000| PB 0x0000000087400000| Untracked |  0
|  63|0x0000000087500000, 0x0000000087500000, 0x0000000087600000|  0%| F|  |TAMS 0x0000000087500000| PB 0x0000000087500000| Untracked |  0
|  64|0x0000000087600000, 0x0000000087700000, 0x0000000087700000|100%| O|  |TAMS 0x0000000087600000| PB 0x0000000087600000| Untracked |  0
|  65|0x0000000087700000, 0x000000008779c6e8, 0x0000000087800000| 61%| O|  |TAMS 0x0000000087700000| PB 0x0000000087700000| Untracked |  0
|  66|0x0000000087800000, 0x0000000087900000, 0x0000000087900000|100%|HS|  |TAMS 0x0000000087800000| PB 0x0000000087800000| Complete |  0
|  67|0x0000000087900000, 0x0000000087a00000, 0x0000000087a00000|100%|HC|  |TAMS 0x0000000087900000| PB 0x0000000087900000| Complete |  0
|  68|0x0000000087a00000, 0x0000000087b00000, 0x0000000087b00000|100%|HS|  |TAMS 0x0000000087a00000| PB 0x0000000087a00000| Complete |  0
|  69|0x0000000087b00000, 0x0000000087c00000, 0x0000000087c00000|100%| O|  |TAMS 0x0000000087b00000| PB 0x0000000087b00000| Untracked |  0
|  70|0x0000000087c00000, 0x0000000087d00000, 0x0000000087d00000|100%|HS|  |TAMS 0x0000000087c00000| PB 0x0000000087c00000| Complete |  0
|  71|0x0000000087d00000, 0x0000000087e00000, 0x0000000087e00000|100%|HS|  |TAMS 0x0000000087d00000| PB 0x0000000087d00000| Complete |  0
|  72|0x0000000087e00000, 0x0000000087f00000, 0x0000000087f00000|100%|HS|  |TAMS 0x0000000087e00000| PB 0x0000000087e00000| Complete |  0
|  73|0x0000000087f00000, 0x0000000088000000, 0x0000000088000000|100%| O|  |TAMS 0x0000000087f00000| PB 0x0000000087f00000| Untracked |  0
|  74|0x0000000088000000, 0x0000000088100000, 0x0000000088100000|100%| O|  |TAMS 0x0000000088000000| PB 0x0000000088000000| Untracked |  0
|  75|0x0000000088100000, 0x0000000088200000, 0x0000000088200000|100%| O|  |TAMS 0x0000000088100000| PB 0x0000000088100000| Untracked |  0
|  76|0x0000000088200000, 0x0000000088300000, 0x0000000088300000|100%| O|  |TAMS 0x0000000088200000| PB 0x0000000088200000| Untracked |  0
|  77|0x0000000088300000, 0x0000000088300000, 0x0000000088400000|  0%| F|  |TAMS 0x0000000088300000| PB 0x0000000088300000| Untracked |  0
|  78|0x0000000088400000, 0x0000000088400000, 0x0000000088500000|  0%| F|  |TAMS 0x0000000088400000| PB 0x0000000088400000| Untracked |  0
|  79|0x0000000088500000, 0x0000000088600000, 0x0000000088600000|100%| O|  |TAMS 0x0000000088500000| PB 0x0000000088500000| Untracked |  0
|  80|0x0000000088600000, 0x0000000088700000, 0x0000000088700000|100%| O|  |TAMS 0x0000000088600000| PB 0x0000000088600000| Untracked |  0
|  81|0x0000000088700000, 0x0000000088800000, 0x0000000088800000|100%| O|  |TAMS 0x0000000088700000| PB 0x0000000088700000| Untracked |  0
|  82|0x0000000088800000, 0x0000000088900000, 0x0000000088900000|100%| O|  |TAMS 0x0000000088800000| PB 0x0000000088800000| Untracked |  0
|  83|0x0000000088900000, 0x0000000088a00000, 0x0000000088a00000|100%| O|  |TAMS 0x0000000088900000| PB 0x0000000088900000| Untracked |  0
|  84|0x0000000088a00000, 0x0000000088b00000, 0x0000000088b00000|100%| O|  |TAMS 0x0000000088a00000| PB 0x0000000088a00000| Untracked |  0
|  85|0x0000000088b00000, 0x0000000088c00000, 0x0000000088c00000|100%| O|  |TAMS 0x0000000088b00000| PB 0x0000000088b00000| Untracked |  0
|  86|0x0000000088c00000, 0x0000000088d00000, 0x0000000088d00000|100%| O|  |TAMS 0x0000000088c00000| PB 0x0000000088c00000| Untracked |  0
|  87|0x0000000088d00000, 0x0000000088e00000, 0x0000000088e00000|100%| O|  |TAMS 0x0000000088d00000| PB 0x0000000088d00000| Untracked |  0
|  88|0x0000000088e00000, 0x0000000088e00000, 0x0000000088f00000|  0%| F|  |TAMS 0x0000000088e00000| PB 0x0000000088e00000| Untracked |  0
|  89|0x0000000088f00000, 0x0000000089000000, 0x0000000089000000|100%| O|  |TAMS 0x0000000088f00000| PB 0x0000000088f00000| Untracked |  0
|  90|0x0000000089000000, 0x0000000089000000, 0x0000000089100000|  0%| F|  |TAMS 0x0000000089000000| PB 0x0000000089000000| Untracked |  0
|  91|0x0000000089100000, 0x0000000089100000, 0x0000000089200000|  0%| F|  |TAMS 0x0000000089100000| PB 0x0000000089100000| Untracked |  0
|  92|0x0000000089200000, 0x0000000089200000, 0x0000000089300000|  0%| F|  |TAMS 0x0000000089200000| PB 0x0000000089200000| Untracked |  0
|  93|0x0000000089300000, 0x0000000089300000, 0x0000000089400000|  0%| F|  |TAMS 0x0000000089300000| PB 0x0000000089300000| Untracked |  0
|  94|0x0000000089400000, 0x0000000089500000, 0x0000000089500000|100%| O|  |TAMS 0x0000000089400000| PB 0x0000000089400000| Untracked |  0
|  95|0x0000000089500000, 0x0000000089500000, 0x0000000089600000|  0%| F|  |TAMS 0x0000000089500000| PB 0x0000000089500000| Untracked |  0
|  96|0x0000000089600000, 0x0000000089600000, 0x0000000089700000|  0%| F|  |TAMS 0x0000000089600000| PB 0x0000000089600000| Untracked |  0
|  97|0x0000000089700000, 0x0000000089700000, 0x0000000089800000|  0%| F|  |TAMS 0x0000000089700000| PB 0x0000000089700000| Untracked |  0
|  98|0x0000000089800000, 0x0000000089800000, 0x0000000089900000|  0%| F|  |TAMS 0x0000000089800000| PB 0x0000000089800000| Untracked |  0
|  99|0x0000000089900000, 0x0000000089900000, 0x0000000089a00000|  0%| F|  |TAMS 0x0000000089900000| PB 0x0000000089900000| Untracked |  0
| 100|0x0000000089a00000, 0x0000000089a00000, 0x0000000089b00000|  0%| F|  |TAMS 0x0000000089a00000| PB 0x0000000089a00000| Untracked |  0
| 101|0x0000000089b00000, 0x0000000089b00000, 0x0000000089c00000|  0%| F|  |TAMS 0x0000000089b00000| PB 0x0000000089b00000| Untracked |  0
| 102|0x0000000089c00000, 0x0000000089c00000, 0x0000000089d00000|  0%| F|  |TAMS 0x0000000089c00000| PB 0x0000000089c00000| Untracked |  0
| 103|0x0000000089d00000, 0x0000000089d00000, 0x0000000089e00000|  0%| F|  |TAMS 0x0000000089d00000| PB 0x0000000089d00000| Untracked |  0
| 104|0x0000000089e00000, 0x0000000089e00000, 0x0000000089f00000|  0%| F|  |TAMS 0x0000000089e00000| PB 0x0000000089e00000| Untracked |  0
| 105|0x0000000089f00000, 0x0000000089f00000, 0x000000008a000000|  0%| F|  |TAMS 0x0000000089f00000| PB 0x0000000089f00000| Untracked |  0
| 106|0x000000008a000000, 0x000000008a000000, 0x000000008a100000|  0%| F|  |TAMS 0x000000008a000000| PB 0x000000008a000000| Untracked |  0
| 107|0x000000008a100000, 0x000000008a200000, 0x000000008a200000|100%| O|  |TAMS 0x000000008a100000| PB 0x000000008a100000| Untracked |  0
| 108|0x000000008a200000, 0x000000008a300000, 0x000000008a300000|100%| O|  |TAMS 0x000000008a200000| PB 0x000000008a200000| Untracked |  0
| 109|0x000000008a300000, 0x000000008a400000, 0x000000008a400000|100%| O|  |TAMS 0x000000008a300000| PB 0x000000008a300000| Untracked |  0
| 110|0x000000008a400000, 0x000000008a500000, 0x000000008a500000|100%| O|  |TAMS 0x000000008a400000| PB 0x000000008a400000| Untracked |  0
| 111|0x000000008a500000, 0x000000008a600000, 0x000000008a600000|100%| O|Cm|TAMS 0x000000008a500000| PB 0x000000008a500000| Complete |  0
| 112|0x000000008a600000, 0x000000008a700000, 0x000000008a700000|100%| O|Cm|TAMS 0x000000008a600000| PB 0x000000008a600000| Complete |  0
| 113|0x000000008a700000, 0x000000008a700000, 0x000000008a800000|  0%| F|  |TAMS 0x000000008a700000| PB 0x000000008a700000| Untracked |  0
| 114|0x000000008a800000, 0x000000008a900000, 0x000000008a900000|100%| O|  |TAMS 0x000000008a800000| PB 0x000000008a800000| Untracked |  0
| 115|0x000000008a900000, 0x000000008a900000, 0x000000008aa00000|  0%| F|  |TAMS 0x000000008a900000| PB 0x000000008a900000| Untracked |  0
| 116|0x000000008aa00000, 0x000000008aa00000, 0x000000008ab00000|  0%| F|  |TAMS 0x000000008aa00000| PB 0x000000008aa00000| Untracked |  0
| 117|0x000000008ab00000, 0x000000008ab00000, 0x000000008ac00000|  0%| F|  |TAMS 0x000000008ab00000| PB 0x000000008ab00000| Untracked |  0
| 118|0x000000008ac00000, 0x000000008ac00000, 0x000000008ad00000|  0%| F|  |TAMS 0x000000008ac00000| PB 0x000000008ac00000| Untracked |  0
| 119|0x000000008ad00000, 0x000000008ae00000, 0x000000008ae00000|100%| O|  |TAMS 0x000000008ad00000| PB 0x000000008ad00000| Untracked |  0
| 120|0x000000008ae00000, 0x000000008ae00000, 0x000000008af00000|  0%| F|  |TAMS 0x000000008ae00000| PB 0x000000008ae00000| Untracked |  0
| 121|0x000000008af00000, 0x000000008af00000, 0x000000008b000000|  0%| F|  |TAMS 0x000000008af00000| PB 0x000000008af00000| Untracked |  0
| 122|0x000000008b000000, 0x000000008b000000, 0x000000008b100000|  0%| F|  |TAMS 0x000000008b000000| PB 0x000000008b000000| Untracked |  0
| 123|0x000000008b100000, 0x000000008b100000, 0x000000008b200000|  0%| F|  |TAMS 0x000000008b100000| PB 0x000000008b100000| Untracked |  0
| 124|0x000000008b200000, 0x000000008b200000, 0x000000008b300000|  0%| F|  |TAMS 0x000000008b200000| PB 0x000000008b200000| Untracked |  0
| 125|0x000000008b300000, 0x000000008b300000, 0x000000008b400000|  0%| F|  |TAMS 0x000000008b300000| PB 0x000000008b300000| Untracked |  0
| 126|0x000000008b400000, 0x000000008b400000, 0x000000008b500000|  0%| F|  |TAMS 0x000000008b400000| PB 0x000000008b400000| Untracked |  0
| 127|0x000000008b500000, 0x000000008b500000, 0x000000008b600000|  0%| F|  |TAMS 0x000000008b500000| PB 0x000000008b500000| Untracked |  0
| 128|0x000000008b600000, 0x000000008b600000, 0x000000008b700000|  0%| F|  |TAMS 0x000000008b600000| PB 0x000000008b600000| Untracked |  0
| 129|0x000000008b700000, 0x000000008b700000, 0x000000008b800000|  0%| F|  |TAMS 0x000000008b700000| PB 0x000000008b700000| Untracked |  0
| 130|0x000000008b800000, 0x000000008b800000, 0x000000008b900000|  0%| F|  |TAMS 0x000000008b800000| PB 0x000000008b800000| Untracked |  0
| 131|0x000000008b900000, 0x000000008b900000, 0x000000008ba00000|  0%| F|  |TAMS 0x000000008b900000| PB 0x000000008b900000| Untracked |  0
| 132|0x000000008ba00000, 0x000000008ba00000, 0x000000008bb00000|  0%| F|  |TAMS 0x000000008ba00000| PB 0x000000008ba00000| Untracked |  0
| 133|0x000000008bb00000, 0x000000008bb00000, 0x000000008bc00000|  0%| F|  |TAMS 0x000000008bb00000| PB 0x000000008bb00000| Untracked |  0
| 134|0x000000008bc00000, 0x000000008bd00000, 0x000000008bd00000|100%| S|CS|TAMS 0x000000008bc00000| PB 0x000000008bc00000| Complete |  0
| 135|0x000000008bd00000, 0x000000008be00000, 0x000000008be00000|100%| S|CS|TAMS 0x000000008bd00000| PB 0x000000008bd00000| Complete |  0
| 136|0x000000008be00000, 0x000000008bf00000, 0x000000008bf00000|100%| S|CS|TAMS 0x000000008be00000| PB 0x000000008be00000| Complete |  0
| 137|0x000000008bf00000, 0x000000008c000000, 0x000000008c000000|100%| S|CS|TAMS 0x000000008bf00000| PB 0x000000008bf00000| Complete |  0
| 138|0x000000008c000000, 0x000000008c100000, 0x000000008c100000|100%| S|CS|TAMS 0x000000008c000000| PB 0x000000008c000000| Complete |  0
| 139|0x000000008c100000, 0x000000008c200000, 0x000000008c200000|100%| S|CS|TAMS 0x000000008c100000| PB 0x000000008c100000| Complete |  0
| 140|0x000000008c200000, 0x000000008c300000, 0x000000008c300000|100%| S|CS|TAMS 0x000000008c200000| PB 0x000000008c200000| Complete |  0
| 141|0x000000008c300000, 0x000000008c400000, 0x000000008c400000|100%| S|CS|TAMS 0x000000008c300000| PB 0x000000008c300000| Complete |  0
| 142|0x000000008c400000, 0x000000008c500000, 0x000000008c500000|100%| S|CS|TAMS 0x000000008c400000| PB 0x000000008c400000| Complete |  0
| 143|0x000000008c500000, 0x000000008c600000, 0x000000008c600000|100%| S|CS|TAMS 0x000000008c500000| PB 0x000000008c500000| Complete |  0
| 144|0x000000008c600000, 0x000000008c700000, 0x000000008c700000|100%| S|CS|TAMS 0x000000008c600000| PB 0x000000008c600000| Complete |  0
| 145|0x000000008c700000, 0x000000008c800000, 0x000000008c800000|100%| S|CS|TAMS 0x000000008c700000| PB 0x000000008c700000| Complete |  0
| 146|0x000000008c800000, 0x000000008c900000, 0x000000008c900000|100%| S|CS|TAMS 0x000000008c800000| PB 0x000000008c800000| Complete |  0
| 147|0x000000008c900000, 0x000000008ca00000, 0x000000008ca00000|100%| S|CS|TAMS 0x000000008c900000| PB 0x000000008c900000| Complete |  0
| 148|0x000000008ca00000, 0x000000008cb00000, 0x000000008cb00000|100%| S|CS|TAMS 0x000000008ca00000| PB 0x000000008ca00000| Complete |  0
| 149|0x000000008cb00000, 0x000000008cc00000, 0x000000008cc00000|100%| S|CS|TAMS 0x000000008cb00000| PB 0x000000008cb00000| Complete |  0
| 150|0x000000008cc00000, 0x000000008cd00000, 0x000000008cd00000|100%| S|CS|TAMS 0x000000008cc00000| PB 0x000000008cc00000| Complete |  0
| 151|0x000000008cd00000, 0x000000008cd00000, 0x000000008ce00000|  0%| F|  |TAMS 0x000000008cd00000| PB 0x000000008cd00000| Untracked |  0
| 152|0x000000008ce00000, 0x000000008ce00000, 0x000000008cf00000|  0%| F|  |TAMS 0x000000008ce00000| PB 0x000000008ce00000| Untracked |  0
| 153|0x000000008cf00000, 0x000000008cf00000, 0x000000008d000000|  0%| F|  |TAMS 0x000000008cf00000| PB 0x000000008cf00000| Untracked |  0
| 154|0x000000008d000000, 0x000000008d000000, 0x000000008d100000|  0%| F|  |TAMS 0x000000008d000000| PB 0x000000008d000000| Untracked |  0
| 155|0x000000008d100000, 0x000000008d100000, 0x000000008d200000|  0%| F|  |TAMS 0x000000008d100000| PB 0x000000008d100000| Untracked |  0
| 156|0x000000008d200000, 0x000000008d200000, 0x000000008d300000|  0%| F|  |TAMS 0x000000008d200000| PB 0x000000008d200000| Untracked |  0
| 157|0x000000008d300000, 0x000000008d300000, 0x000000008d400000|  0%| F|  |TAMS 0x000000008d300000| PB 0x000000008d300000| Untracked |  0
| 158|0x000000008d400000, 0x000000008d400000, 0x000000008d500000|  0%| F|  |TAMS 0x000000008d400000| PB 0x000000008d400000| Untracked |  0
| 159|0x000000008d500000, 0x000000008d500000, 0x000000008d600000|  0%| F|  |TAMS 0x000000008d500000| PB 0x000000008d500000| Untracked |  0
| 160|0x000000008d600000, 0x000000008d600000, 0x000000008d700000|  0%| F|  |TAMS 0x000000008d600000| PB 0x000000008d600000| Untracked |  0
| 161|0x000000008d700000, 0x000000008d700000, 0x000000008d800000|  0%| F|  |TAMS 0x000000008d700000| PB 0x000000008d700000| Untracked |  0
| 162|0x000000008d800000, 0x000000008d800000, 0x000000008d900000|  0%| F|  |TAMS 0x000000008d800000| PB 0x000000008d800000| Untracked |  0
| 163|0x000000008d900000, 0x000000008d900000, 0x000000008da00000|  0%| F|  |TAMS 0x000000008d900000| PB 0x000000008d900000| Untracked |  0
| 164|0x000000008da00000, 0x000000008da00000, 0x000000008db00000|  0%| F|  |TAMS 0x000000008da00000| PB 0x000000008da00000| Untracked |  0
| 165|0x000000008db00000, 0x000000008db00000, 0x000000008dc00000|  0%| F|  |TAMS 0x000000008db00000| PB 0x000000008db00000| Untracked |  0
| 166|0x000000008dc00000, 0x000000008dc00000, 0x000000008dd00000|  0%| F|  |TAMS 0x000000008dc00000| PB 0x000000008dc00000| Untracked |  0
| 167|0x000000008dd00000, 0x000000008dd00000, 0x000000008de00000|  0%| F|  |TAMS 0x000000008dd00000| PB 0x000000008dd00000| Untracked |  0
| 168|0x000000008de00000, 0x000000008de00000, 0x000000008df00000|  0%| F|  |TAMS 0x000000008de00000| PB 0x000000008de00000| Untracked |  0
| 169|0x000000008df00000, 0x000000008df00000, 0x000000008e000000|  0%| F|  |TAMS 0x000000008df00000| PB 0x000000008df00000| Untracked |  0
| 170|0x000000008e000000, 0x000000008e000000, 0x000000008e100000|  0%| F|  |TAMS 0x000000008e000000| PB 0x000000008e000000| Untracked |  0
| 171|0x000000008e100000, 0x000000008e100000, 0x000000008e200000|  0%| F|  |TAMS 0x000000008e100000| PB 0x000000008e100000| Untracked |  0
| 172|0x000000008e200000, 0x000000008e200000, 0x000000008e300000|  0%| F|  |TAMS 0x000000008e200000| PB 0x000000008e200000| Untracked |  0
| 173|0x000000008e300000, 0x000000008e300000, 0x000000008e400000|  0%| F|  |TAMS 0x000000008e300000| PB 0x000000008e300000| Untracked |  0
| 174|0x000000008e400000, 0x000000008e400000, 0x000000008e500000|  0%| F|  |TAMS 0x000000008e400000| PB 0x000000008e400000| Untracked |  0
| 175|0x000000008e500000, 0x000000008e500000, 0x000000008e600000|  0%| F|  |TAMS 0x000000008e500000| PB 0x000000008e500000| Untracked |  0
| 176|0x000000008e600000, 0x000000008e700000, 0x000000008e700000|100%| O|  |TAMS 0x000000008e600000| PB 0x000000008e600000| Untracked |  0
| 177|0x000000008e700000, 0x000000008e700000, 0x000000008e800000|  0%| F|  |TAMS 0x000000008e700000| PB 0x000000008e700000| Untracked |  0
| 178|0x000000008e800000, 0x000000008e800000, 0x000000008e900000|  0%| F|  |TAMS 0x000000008e800000| PB 0x000000008e800000| Untracked |  0
| 179|0x000000008e900000, 0x000000008e900000, 0x000000008ea00000|  0%| F|  |TAMS 0x000000008e900000| PB 0x000000008e900000| Untracked |  0
| 180|0x000000008ea00000, 0x000000008ea00000, 0x000000008eb00000|  0%| F|  |TAMS 0x000000008ea00000| PB 0x000000008ea00000| Untracked |  0
| 181|0x000000008eb00000, 0x000000008ec00000, 0x000000008ec00000|100%| O|Cm|TAMS 0x000000008eb00000| PB 0x000000008eb00000| Complete |  0
| 182|0x000000008ec00000, 0x000000008ec00000, 0x000000008ed00000|  0%| F|  |TAMS 0x000000008ec00000| PB 0x000000008ec00000| Untracked |  0
| 183|0x000000008ed00000, 0x000000008ed00000, 0x000000008ee00000|  0%| F|  |TAMS 0x000000008ed00000| PB 0x000000008ed00000| Untracked |  0
| 184|0x000000008ee00000, 0x000000008ee00000, 0x000000008ef00000|  0%| F|  |TAMS 0x000000008ee00000| PB 0x000000008ee00000| Untracked |  0
| 185|0x000000008ef00000, 0x000000008ef00000, 0x000000008f000000|  0%| F|  |TAMS 0x000000008ef00000| PB 0x000000008ef00000| Untracked |  0
| 186|0x000000008f000000, 0x000000008f000000, 0x000000008f100000|  0%| F|  |TAMS 0x000000008f000000| PB 0x000000008f000000| Untracked |  0
| 187|0x000000008f100000, 0x000000008f100000, 0x000000008f200000|  0%| F|  |TAMS 0x000000008f100000| PB 0x000000008f100000| Untracked |  0
| 188|0x000000008f200000, 0x000000008f200000, 0x000000008f300000|  0%| F|  |TAMS 0x000000008f200000| PB 0x000000008f200000| Untracked |  0
| 189|0x000000008f300000, 0x000000008f300000, 0x000000008f400000|  0%| F|  |TAMS 0x000000008f300000| PB 0x000000008f300000| Untracked |  0
| 190|0x000000008f400000, 0x000000008f400000, 0x000000008f500000|  0%| F|  |TAMS 0x000000008f400000| PB 0x000000008f400000| Untracked |  0
| 191|0x000000008f500000, 0x000000008f500000, 0x000000008f600000|  0%| F|  |TAMS 0x000000008f500000| PB 0x000000008f500000| Untracked |  0
| 192|0x000000008f600000, 0x000000008f600000, 0x000000008f700000|  0%| F|  |TAMS 0x000000008f600000| PB 0x000000008f600000| Untracked |  0
| 193|0x000000008f700000, 0x000000008f700000, 0x000000008f800000|  0%| F|  |TAMS 0x000000008f700000| PB 0x000000008f700000| Untracked |  0
| 194|0x000000008f800000, 0x000000008f800000, 0x000000008f900000|  0%| F|  |TAMS 0x000000008f800000| PB 0x000000008f800000| Untracked |  0
| 195|0x000000008f900000, 0x000000008f900000, 0x000000008fa00000|  0%| F|  |TAMS 0x000000008f900000| PB 0x000000008f900000| Untracked |  0
| 196|0x000000008fa00000, 0x000000008fa00000, 0x000000008fb00000|  0%| F|  |TAMS 0x000000008fa00000| PB 0x000000008fa00000| Untracked |  0
| 197|0x000000008fb00000, 0x000000008fb00000, 0x000000008fc00000|  0%| F|  |TAMS 0x000000008fb00000| PB 0x000000008fb00000| Untracked |  0
| 198|0x000000008fc00000, 0x000000008fd00000, 0x000000008fd00000|100%| O|  |TAMS 0x000000008fc00000| PB 0x000000008fc00000| Untracked |  0
| 199|0x000000008fd00000, 0x000000008fe00000, 0x000000008fe00000|100%| O|  |TAMS 0x000000008fd00000| PB 0x000000008fd00000| Untracked |  0
| 200|0x000000008fe00000, 0x000000008ff00000, 0x000000008ff00000|100%| O|  |TAMS 0x000000008fe00000| PB 0x000000008fe00000| Untracked |  0
| 201|0x000000008ff00000, 0x000000008ff00000, 0x0000000090000000|  0%| F|  |TAMS 0x000000008ff00000| PB 0x000000008ff00000| Untracked |  0
| 202|0x0000000090000000, 0x0000000090100000, 0x0000000090100000|100%| O|  |TAMS 0x0000000090000000| PB 0x0000000090000000| Untracked |  0
| 203|0x0000000090100000, 0x0000000090100000, 0x0000000090200000|  0%| F|  |TAMS 0x0000000090100000| PB 0x0000000090100000| Untracked |  0
| 204|0x0000000090200000, 0x0000000090200000, 0x0000000090300000|  0%| F|  |TAMS 0x0000000090200000| PB 0x0000000090200000| Untracked |  0
| 205|0x0000000090300000, 0x0000000090300000, 0x0000000090400000|  0%| F|  |TAMS 0x0000000090300000| PB 0x0000000090300000| Untracked |  0
| 206|0x0000000090400000, 0x0000000090400000, 0x0000000090500000|  0%| F|  |TAMS 0x0000000090400000| PB 0x0000000090400000| Untracked |  0
| 207|0x0000000090500000, 0x0000000090500000, 0x0000000090600000|  0%| F|  |TAMS 0x0000000090500000| PB 0x0000000090500000| Untracked |  0
| 208|0x0000000090600000, 0x0000000090600000, 0x0000000090700000|  0%| F|  |TAMS 0x0000000090600000| PB 0x0000000090600000| Untracked |  0
| 209|0x0000000090700000, 0x0000000090700000, 0x0000000090800000|  0%| F|  |TAMS 0x0000000090700000| PB 0x0000000090700000| Untracked |  0
| 210|0x0000000090800000, 0x0000000090800000, 0x0000000090900000|  0%| F|  |TAMS 0x0000000090800000| PB 0x0000000090800000| Untracked |  0
| 211|0x0000000090900000, 0x0000000090900000, 0x0000000090a00000|  0%| F|  |TAMS 0x0000000090900000| PB 0x0000000090900000| Untracked |  0
| 212|0x0000000090a00000, 0x0000000090a00000, 0x0000000090b00000|  0%| F|  |TAMS 0x0000000090a00000| PB 0x0000000090a00000| Untracked |  0
| 213|0x0000000090b00000, 0x0000000090b00000, 0x0000000090c00000|  0%| F|  |TAMS 0x0000000090b00000| PB 0x0000000090b00000| Untracked |  0
| 214|0x0000000090c00000, 0x0000000090c00000, 0x0000000090d00000|  0%| F|  |TAMS 0x0000000090c00000| PB 0x0000000090c00000| Untracked |  0
| 215|0x0000000090d00000, 0x0000000090d00000, 0x0000000090e00000|  0%| F|  |TAMS 0x0000000090d00000| PB 0x0000000090d00000| Untracked |  0
| 216|0x0000000090e00000, 0x0000000090e00000, 0x0000000090f00000|  0%| F|  |TAMS 0x0000000090e00000| PB 0x0000000090e00000| Untracked |  0
| 217|0x0000000090f00000, 0x0000000090f00000, 0x0000000091000000|  0%| F|  |TAMS 0x0000000090f00000| PB 0x0000000090f00000| Untracked |  0
| 218|0x0000000091000000, 0x0000000091000000, 0x0000000091100000|  0%| F|  |TAMS 0x0000000091000000| PB 0x0000000091000000| Untracked |  0
| 219|0x0000000091100000, 0x0000000091100000, 0x0000000091200000|  0%| F|  |TAMS 0x0000000091100000| PB 0x0000000091100000| Untracked |  0
| 220|0x0000000091200000, 0x0000000091200000, 0x0000000091300000|  0%| F|  |TAMS 0x0000000091200000| PB 0x0000000091200000| Untracked |  0
| 221|0x0000000091300000, 0x0000000091300000, 0x0000000091400000|  0%| F|  |TAMS 0x0000000091300000| PB 0x0000000091300000| Untracked |  0
| 222|0x0000000091400000, 0x0000000091400000, 0x0000000091500000|  0%| F|  |TAMS 0x0000000091400000| PB 0x0000000091400000| Untracked |  0
| 223|0x0000000091500000, 0x0000000091500000, 0x0000000091600000|  0%| F|  |TAMS 0x0000000091500000| PB 0x0000000091500000| Untracked |  0
| 224|0x0000000091600000, 0x0000000091600000, 0x0000000091700000|  0%| F|  |TAMS 0x0000000091600000| PB 0x0000000091600000| Untracked |  0
| 225|0x0000000091700000, 0x0000000091700000, 0x0000000091800000|  0%| F|  |TAMS 0x0000000091700000| PB 0x0000000091700000| Untracked |  0
| 226|0x0000000091800000, 0x0000000091800000, 0x0000000091900000|  0%| F|  |TAMS 0x0000000091800000| PB 0x0000000091800000| Untracked |  0
| 227|0x0000000091900000, 0x0000000091900000, 0x0000000091a00000|  0%| F|  |TAMS 0x0000000091900000| PB 0x0000000091900000| Untracked |  0
| 228|0x0000000091a00000, 0x0000000091a00000, 0x0000000091b00000|  0%| F|  |TAMS 0x0000000091a00000| PB 0x0000000091a00000| Untracked |  0
| 229|0x0000000091b00000, 0x0000000091b00000, 0x0000000091c00000|  0%| F|  |TAMS 0x0000000091b00000| PB 0x0000000091b00000| Untracked |  0
| 230|0x0000000091c00000, 0x0000000091c00000, 0x0000000091d00000|  0%| F|  |TAMS 0x0000000091c00000| PB 0x0000000091c00000| Untracked |  0
| 231|0x0000000091d00000, 0x0000000091d00000, 0x0000000091e00000|  0%| F|  |TAMS 0x0000000091d00000| PB 0x0000000091d00000| Untracked |  0
| 232|0x0000000091e00000, 0x0000000091e00000, 0x0000000091f00000|  0%| F|  |TAMS 0x0000000091e00000| PB 0x0000000091e00000| Untracked |  0
| 233|0x0000000091f00000, 0x0000000091f00000, 0x0000000092000000|  0%| F|  |TAMS 0x0000000091f00000| PB 0x0000000091f00000| Untracked |  0
| 234|0x0000000092000000, 0x0000000092000000, 0x0000000092100000|  0%| F|  |TAMS 0x0000000092000000| PB 0x0000000092000000| Untracked |  0
| 235|0x0000000092100000, 0x0000000092100000, 0x0000000092200000|  0%| F|  |TAMS 0x0000000092100000| PB 0x0000000092100000| Untracked |  0
| 236|0x0000000092200000, 0x0000000092200000, 0x0000000092300000|  0%| F|  |TAMS 0x0000000092200000| PB 0x0000000092200000| Untracked |  0
| 237|0x0000000092300000, 0x0000000092300000, 0x0000000092400000|  0%| F|  |TAMS 0x0000000092300000| PB 0x0000000092300000| Untracked |  0
| 238|0x0000000092400000, 0x0000000092400000, 0x0000000092500000|  0%| F|  |TAMS 0x0000000092400000| PB 0x0000000092400000| Untracked |  0
| 239|0x0000000092500000, 0x0000000092500000, 0x0000000092600000|  0%| F|  |TAMS 0x0000000092500000| PB 0x0000000092500000| Untracked |  0
| 240|0x0000000092600000, 0x0000000092600000, 0x0000000092700000|  0%| F|  |TAMS 0x0000000092600000| PB 0x0000000092600000| Untracked |  0
| 241|0x0000000092700000, 0x0000000092700000, 0x0000000092800000|  0%| F|  |TAMS 0x0000000092700000| PB 0x0000000092700000| Untracked |  0
| 242|0x0000000092800000, 0x0000000092800000, 0x0000000092900000|  0%| F|  |TAMS 0x0000000092800000| PB 0x0000000092800000| Untracked |  0
| 243|0x0000000092900000, 0x0000000092900000, 0x0000000092a00000|  0%| F|  |TAMS 0x0000000092900000| PB 0x0000000092900000| Untracked |  0
| 244|0x0000000092a00000, 0x0000000092a00000, 0x0000000092b00000|  0%| F|  |TAMS 0x0000000092a00000| PB 0x0000000092a00000| Untracked |  0
| 245|0x0000000092b00000, 0x0000000092b00000, 0x0000000092c00000|  0%| F|  |TAMS 0x0000000092b00000| PB 0x0000000092b00000| Untracked |  0
| 246|0x0000000092c00000, 0x0000000092c00000, 0x0000000092d00000|  0%| F|  |TAMS 0x0000000092c00000| PB 0x0000000092c00000| Untracked |  0
| 247|0x0000000092d00000, 0x0000000092d00000, 0x0000000092e00000|  0%| F|  |TAMS 0x0000000092d00000| PB 0x0000000092d00000| Untracked |  0
| 248|0x0000000092e00000, 0x0000000092e00000, 0x0000000092f00000|  0%| F|  |TAMS 0x0000000092e00000| PB 0x0000000092e00000| Untracked |  0
| 249|0x0000000092f00000, 0x0000000092f00000, 0x0000000093000000|  0%| F|  |TAMS 0x0000000092f00000| PB 0x0000000092f00000| Untracked |  0
| 250|0x0000000093000000, 0x0000000093000000, 0x0000000093100000|  0%| F|  |TAMS 0x0000000093000000| PB 0x0000000093000000| Untracked |  0
| 251|0x0000000093100000, 0x0000000093100000, 0x0000000093200000|  0%| F|  |TAMS 0x0000000093100000| PB 0x0000000093100000| Untracked |  0
| 252|0x0000000093200000, 0x0000000093200000, 0x0000000093300000|  0%| F|  |TAMS 0x0000000093200000| PB 0x0000000093200000| Untracked |  0
| 253|0x0000000093300000, 0x0000000093300000, 0x0000000093400000|  0%| F|  |TAMS 0x0000000093300000| PB 0x0000000093300000| Untracked |  0
| 254|0x0000000093400000, 0x0000000093400000, 0x0000000093500000|  0%| F|  |TAMS 0x0000000093400000| PB 0x0000000093400000| Untracked |  0
| 255|0x0000000093500000, 0x0000000093500000, 0x0000000093600000|  0%| F|  |TAMS 0x0000000093500000| PB 0x0000000093500000| Untracked |  0
| 256|0x0000000093600000, 0x0000000093600000, 0x0000000093700000|  0%| F|  |TAMS 0x0000000093600000| PB 0x0000000093600000| Untracked |  0
| 257|0x0000000093700000, 0x0000000093700000, 0x0000000093800000|  0%| F|  |TAMS 0x0000000093700000| PB 0x0000000093700000| Untracked |  0
| 258|0x0000000093800000, 0x0000000093800000, 0x0000000093900000|  0%| F|  |TAMS 0x0000000093800000| PB 0x0000000093800000| Untracked |  0
| 259|0x0000000093900000, 0x0000000093900000, 0x0000000093a00000|  0%| F|  |TAMS 0x0000000093900000| PB 0x0000000093900000| Untracked |  0
| 260|0x0000000093a00000, 0x0000000093a00000, 0x0000000093b00000|  0%| F|  |TAMS 0x0000000093a00000| PB 0x0000000093a00000| Untracked |  0
| 261|0x0000000093b00000, 0x0000000093b00000, 0x0000000093c00000|  0%| F|  |TAMS 0x0000000093b00000| PB 0x0000000093b00000| Untracked |  0
| 262|0x0000000093c00000, 0x0000000093c00000, 0x0000000093d00000|  0%| F|  |TAMS 0x0000000093c00000| PB 0x0000000093c00000| Untracked |  0
| 263|0x0000000093d00000, 0x0000000093d00000, 0x0000000093e00000|  0%| F|  |TAMS 0x0000000093d00000| PB 0x0000000093d00000| Untracked |  0
| 264|0x0000000093e00000, 0x0000000093e00000, 0x0000000093f00000|  0%| F|  |TAMS 0x0000000093e00000| PB 0x0000000093e00000| Untracked |  0
| 265|0x0000000093f00000, 0x0000000093f00000, 0x0000000094000000|  0%| F|  |TAMS 0x0000000093f00000| PB 0x0000000093f00000| Untracked |  0
| 266|0x0000000094000000, 0x0000000094000000, 0x0000000094100000|  0%| F|  |TAMS 0x0000000094000000| PB 0x0000000094000000| Untracked |  0
| 267|0x0000000094100000, 0x0000000094100000, 0x0000000094200000|  0%| F|  |TAMS 0x0000000094100000| PB 0x0000000094100000| Untracked |  0
| 268|0x0000000094200000, 0x0000000094200000, 0x0000000094300000|  0%| F|  |TAMS 0x0000000094200000| PB 0x0000000094200000| Untracked |  0
| 269|0x0000000094300000, 0x0000000094300000, 0x0000000094400000|  0%| F|  |TAMS 0x0000000094300000| PB 0x0000000094300000| Untracked |  0
| 270|0x0000000094400000, 0x0000000094400000, 0x0000000094500000|  0%| F|  |TAMS 0x0000000094400000| PB 0x0000000094400000| Untracked |  0
| 271|0x0000000094500000, 0x0000000094500000, 0x0000000094600000|  0%| F|  |TAMS 0x0000000094500000| PB 0x0000000094500000| Untracked |  0
| 272|0x0000000094600000, 0x0000000094600000, 0x0000000094700000|  0%| F|  |TAMS 0x0000000094600000| PB 0x0000000094600000| Untracked |  0
| 273|0x0000000094700000, 0x0000000094700000, 0x0000000094800000|  0%| F|  |TAMS 0x0000000094700000| PB 0x0000000094700000| Untracked |  0
| 274|0x0000000094800000, 0x0000000094800000, 0x0000000094900000|  0%| F|  |TAMS 0x0000000094800000| PB 0x0000000094800000| Untracked |  0
| 275|0x0000000094900000, 0x0000000094900000, 0x0000000094a00000|  0%| F|  |TAMS 0x0000000094900000| PB 0x0000000094900000| Untracked |  0
| 276|0x0000000094a00000, 0x0000000094a00000, 0x0000000094b00000|  0%| F|  |TAMS 0x0000000094a00000| PB 0x0000000094a00000| Untracked |  0
| 277|0x0000000094b00000, 0x0000000094b00000, 0x0000000094c00000|  0%| F|  |TAMS 0x0000000094b00000| PB 0x0000000094b00000| Untracked |  0
| 278|0x0000000094c00000, 0x0000000094c00000, 0x0000000094d00000|  0%| F|  |TAMS 0x0000000094c00000| PB 0x0000000094c00000| Untracked |  0
| 279|0x0000000094d00000, 0x0000000094d00000, 0x0000000094e00000|  0%| F|  |TAMS 0x0000000094d00000| PB 0x0000000094d00000| Untracked |  0
| 280|0x0000000094e00000, 0x0000000094e00000, 0x0000000094f00000|  0%| F|  |TAMS 0x0000000094e00000| PB 0x0000000094e00000| Untracked |  0
| 281|0x0000000094f00000, 0x0000000094f00000, 0x0000000095000000|  0%| F|  |TAMS 0x0000000094f00000| PB 0x0000000094f00000| Untracked |  0
| 282|0x0000000095000000, 0x0000000095000000, 0x0000000095100000|  0%| F|  |TAMS 0x0000000095000000| PB 0x0000000095000000| Untracked |  0
| 283|0x0000000095100000, 0x0000000095100000, 0x0000000095200000|  0%| F|  |TAMS 0x0000000095100000| PB 0x0000000095100000| Untracked |  0
| 284|0x0000000095200000, 0x0000000095200000, 0x0000000095300000|  0%| F|  |TAMS 0x0000000095200000| PB 0x0000000095200000| Untracked |  0
| 285|0x0000000095300000, 0x0000000095300000, 0x0000000095400000|  0%| F|  |TAMS 0x0000000095300000| PB 0x0000000095300000| Untracked |  0
| 286|0x0000000095400000, 0x0000000095400000, 0x0000000095500000|  0%| F|  |TAMS 0x0000000095400000| PB 0x0000000095400000| Untracked |  0
| 287|0x0000000095500000, 0x0000000095500000, 0x0000000095600000|  0%| F|  |TAMS 0x0000000095500000| PB 0x0000000095500000| Untracked |  0
| 288|0x0000000095600000, 0x0000000095600000, 0x0000000095700000|  0%| F|  |TAMS 0x0000000095600000| PB 0x0000000095600000| Untracked |  0
| 289|0x0000000095700000, 0x0000000095700000, 0x0000000095800000|  0%| F|  |TAMS 0x0000000095700000| PB 0x0000000095700000| Untracked |  0
| 290|0x0000000095800000, 0x0000000095800000, 0x0000000095900000|  0%| F|  |TAMS 0x0000000095800000| PB 0x0000000095800000| Untracked |  0
| 291|0x0000000095900000, 0x0000000095900000, 0x0000000095a00000|  0%| F|  |TAMS 0x0000000095900000| PB 0x0000000095900000| Untracked |  0
| 292|0x0000000095a00000, 0x0000000095a00000, 0x0000000095b00000|  0%| F|  |TAMS 0x0000000095a00000| PB 0x0000000095a00000| Untracked |  0
| 293|0x0000000095b00000, 0x0000000095c00000, 0x0000000095c00000|100%| O|Cm|TAMS 0x0000000095b00000| PB 0x0000000095b00000| Complete |  0
| 294|0x0000000095c00000, 0x0000000095c00000, 0x0000000095d00000|  0%| F|  |TAMS 0x0000000095c00000| PB 0x0000000095c00000| Untracked |  0
| 295|0x0000000095d00000, 0x0000000095d00000, 0x0000000095e00000|  0%| F|  |TAMS 0x0000000095d00000| PB 0x0000000095d00000| Untracked |  0
| 296|0x0000000095e00000, 0x0000000095f00000, 0x0000000095f00000|100%| O|Cm|TAMS 0x0000000095e00000| PB 0x0000000095e00000| Complete |  0
| 297|0x0000000095f00000, 0x0000000095f00000, 0x0000000096000000|  0%| F|  |TAMS 0x0000000095f00000| PB 0x0000000095f00000| Untracked |  0
| 298|0x0000000096000000, 0x0000000096000000, 0x0000000096100000|  0%| F|  |TAMS 0x0000000096000000| PB 0x0000000096000000| Untracked |  0
| 299|0x0000000096100000, 0x0000000096100000, 0x0000000096200000|  0%| F|  |TAMS 0x0000000096100000| PB 0x0000000096100000| Untracked |  0
| 300|0x0000000096200000, 0x0000000096200000, 0x0000000096300000|  0%| F|  |TAMS 0x0000000096200000| PB 0x0000000096200000| Untracked |  0
| 301|0x0000000096300000, 0x0000000096300000, 0x0000000096400000|  0%| F|  |TAMS 0x0000000096300000| PB 0x0000000096300000| Untracked |  0
| 302|0x0000000096400000, 0x0000000096400000, 0x0000000096500000|  0%| F|  |TAMS 0x0000000096400000| PB 0x0000000096400000| Untracked |  0
| 303|0x0000000096500000, 0x0000000096500000, 0x0000000096600000|  0%| F|  |TAMS 0x0000000096500000| PB 0x0000000096500000| Untracked |  0
| 304|0x0000000096600000, 0x0000000096600000, 0x0000000096700000|  0%| F|  |TAMS 0x0000000096600000| PB 0x0000000096600000| Untracked |  0
| 305|0x0000000096700000, 0x0000000096700000, 0x0000000096800000|  0%| F|  |TAMS 0x0000000096700000| PB 0x0000000096700000| Untracked |  0
| 306|0x0000000096800000, 0x0000000096800000, 0x0000000096900000|  0%| F|  |TAMS 0x0000000096800000| PB 0x0000000096800000| Untracked |  0
| 307|0x0000000096900000, 0x0000000096900000, 0x0000000096a00000|  0%| F|  |TAMS 0x0000000096900000| PB 0x0000000096900000| Untracked |  0
| 308|0x0000000096a00000, 0x0000000096a00000, 0x0000000096b00000|  0%| F|  |TAMS 0x0000000096a00000| PB 0x0000000096a00000| Untracked |  0
| 309|0x0000000096b00000, 0x0000000096b00000, 0x0000000096c00000|  0%| F|  |TAMS 0x0000000096b00000| PB 0x0000000096b00000| Untracked |  0
| 310|0x0000000096c00000, 0x0000000096c00000, 0x0000000096d00000|  0%| F|  |TAMS 0x0000000096c00000| PB 0x0000000096c00000| Untracked |  0
| 311|0x0000000096d00000, 0x0000000096d00000, 0x0000000096e00000|  0%| F|  |TAMS 0x0000000096d00000| PB 0x0000000096d00000| Untracked |  0
| 312|0x0000000096e00000, 0x0000000096e00000, 0x0000000096f00000|  0%| F|  |TAMS 0x0000000096e00000| PB 0x0000000096e00000| Untracked |  0
| 313|0x0000000096f00000, 0x0000000096f00000, 0x0000000097000000|  0%| F|  |TAMS 0x0000000096f00000| PB 0x0000000096f00000| Untracked |  0
| 314|0x0000000097000000, 0x0000000097000000, 0x0000000097100000|  0%| F|  |TAMS 0x0000000097000000| PB 0x0000000097000000| Untracked |  0
| 315|0x0000000097100000, 0x0000000097100000, 0x0000000097200000|  0%| F|  |TAMS 0x0000000097100000| PB 0x0000000097100000| Untracked |  0
| 316|0x0000000097200000, 0x0000000097200000, 0x0000000097300000|  0%| F|  |TAMS 0x0000000097200000| PB 0x0000000097200000| Untracked |  0
| 317|0x0000000097300000, 0x0000000097300000, 0x0000000097400000|  0%| F|  |TAMS 0x0000000097300000| PB 0x0000000097300000| Untracked |  0
| 318|0x0000000097400000, 0x0000000097400000, 0x0000000097500000|  0%| F|  |TAMS 0x0000000097400000| PB 0x0000000097400000| Untracked |  0
| 319|0x0000000097500000, 0x0000000097500000, 0x0000000097600000|  0%| F|  |TAMS 0x0000000097500000| PB 0x0000000097500000| Untracked |  0
| 320|0x0000000097600000, 0x0000000097600000, 0x0000000097700000|  0%| F|  |TAMS 0x0000000097600000| PB 0x0000000097600000| Untracked |  0
| 321|0x0000000097700000, 0x0000000097700000, 0x0000000097800000|  0%| F|  |TAMS 0x0000000097700000| PB 0x0000000097700000| Untracked |  0
| 322|0x0000000097800000, 0x0000000097800000, 0x0000000097900000|  0%| F|  |TAMS 0x0000000097800000| PB 0x0000000097800000| Untracked |  0
| 323|0x0000000097900000, 0x0000000097900000, 0x0000000097a00000|  0%| F|  |TAMS 0x0000000097900000| PB 0x0000000097900000| Untracked |  0
| 324|0x0000000097a00000, 0x0000000097a00000, 0x0000000097b00000|  0%| F|  |TAMS 0x0000000097a00000| PB 0x0000000097a00000| Untracked |  0
| 325|0x0000000097b00000, 0x0000000097b00000, 0x0000000097c00000|  0%| F|  |TAMS 0x0000000097b00000| PB 0x0000000097b00000| Untracked |  0
| 326|0x0000000097c00000, 0x0000000097c00000, 0x0000000097d00000|  0%| F|  |TAMS 0x0000000097c00000| PB 0x0000000097c00000| Untracked |  0
| 327|0x0000000097d00000, 0x0000000097d00000, 0x0000000097e00000|  0%| F|  |TAMS 0x0000000097d00000| PB 0x0000000097d00000| Untracked |  0
| 328|0x0000000097e00000, 0x0000000097e00000, 0x0000000097f00000|  0%| F|  |TAMS 0x0000000097e00000| PB 0x0000000097e00000| Untracked |  0
| 329|0x0000000097f00000, 0x0000000097f00000, 0x0000000098000000|  0%| F|  |TAMS 0x0000000097f00000| PB 0x0000000097f00000| Untracked |  0
| 330|0x0000000098000000, 0x0000000098000000, 0x0000000098100000|  0%| F|  |TAMS 0x0000000098000000| PB 0x0000000098000000| Untracked |  0
| 331|0x0000000098100000, 0x0000000098100000, 0x0000000098200000|  0%| F|  |TAMS 0x0000000098100000| PB 0x0000000098100000| Untracked |  0
| 332|0x0000000098200000, 0x0000000098200000, 0x0000000098300000|  0%| F|  |TAMS 0x0000000098200000| PB 0x0000000098200000| Untracked |  0
| 333|0x0000000098300000, 0x0000000098300000, 0x0000000098400000|  0%| F|  |TAMS 0x0000000098300000| PB 0x0000000098300000| Untracked |  0
| 334|0x0000000098400000, 0x0000000098400000, 0x0000000098500000|  0%| F|  |TAMS 0x0000000098400000| PB 0x0000000098400000| Untracked |  0
| 335|0x0000000098500000, 0x0000000098500000, 0x0000000098600000|  0%| F|  |TAMS 0x0000000098500000| PB 0x0000000098500000| Untracked |  0
| 336|0x0000000098600000, 0x0000000098600000, 0x0000000098700000|  0%| F|  |TAMS 0x0000000098600000| PB 0x0000000098600000| Untracked |  0
| 337|0x0000000098700000, 0x0000000098700000, 0x0000000098800000|  0%| F|  |TAMS 0x0000000098700000| PB 0x0000000098700000| Untracked |  0
| 338|0x0000000098800000, 0x0000000098800000, 0x0000000098900000|  0%| F|  |TAMS 0x0000000098800000| PB 0x0000000098800000| Untracked |  0
| 339|0x0000000098900000, 0x0000000098900000, 0x0000000098a00000|  0%| F|  |TAMS 0x0000000098900000| PB 0x0000000098900000| Untracked |  0
| 340|0x0000000098a00000, 0x0000000098a00000, 0x0000000098b00000|  0%| F|  |TAMS 0x0000000098a00000| PB 0x0000000098a00000| Untracked |  0
| 341|0x0000000098b00000, 0x0000000098b00000, 0x0000000098c00000|  0%| F|  |TAMS 0x0000000098b00000| PB 0x0000000098b00000| Untracked |  0
| 342|0x0000000098c00000, 0x0000000098c00000, 0x0000000098d00000|  0%| F|  |TAMS 0x0000000098c00000| PB 0x0000000098c00000| Untracked |  0
| 343|0x0000000098d00000, 0x0000000098d00000, 0x0000000098e00000|  0%| F|  |TAMS 0x0000000098d00000| PB 0x0000000098d00000| Untracked |  0
| 344|0x0000000098e00000, 0x0000000098e00000, 0x0000000098f00000|  0%| F|  |TAMS 0x0000000098e00000| PB 0x0000000098e00000| Untracked |  0
| 345|0x0000000098f00000, 0x0000000098f00000, 0x0000000099000000|  0%| F|  |TAMS 0x0000000098f00000| PB 0x0000000098f00000| Untracked |  0
| 346|0x0000000099000000, 0x0000000099000000, 0x0000000099100000|  0%| F|  |TAMS 0x0000000099000000| PB 0x0000000099000000| Untracked |  0
| 347|0x0000000099100000, 0x0000000099100000, 0x0000000099200000|  0%| F|  |TAMS 0x0000000099100000| PB 0x0000000099100000| Untracked |  0
| 348|0x0000000099200000, 0x0000000099200000, 0x0000000099300000|  0%| F|  |TAMS 0x0000000099200000| PB 0x0000000099200000| Untracked |  0
| 349|0x0000000099300000, 0x0000000099300000, 0x0000000099400000|  0%| F|  |TAMS 0x0000000099300000| PB 0x0000000099300000| Untracked |  0
| 350|0x0000000099400000, 0x0000000099400000, 0x0000000099500000|  0%| F|  |TAMS 0x0000000099400000| PB 0x0000000099400000| Untracked |  0
| 351|0x0000000099500000, 0x0000000099500000, 0x0000000099600000|  0%| F|  |TAMS 0x0000000099500000| PB 0x0000000099500000| Untracked |  0
| 352|0x0000000099600000, 0x0000000099600000, 0x0000000099700000|  0%| F|  |TAMS 0x0000000099600000| PB 0x0000000099600000| Untracked |  0
| 353|0x0000000099700000, 0x0000000099700000, 0x0000000099800000|  0%| F|  |TAMS 0x0000000099700000| PB 0x0000000099700000| Untracked |  0
| 354|0x0000000099800000, 0x0000000099900000, 0x0000000099900000|100%| E|  |TAMS 0x0000000099800000| PB 0x0000000099800000| Complete |  0
| 355|0x0000000099900000, 0x0000000099a00000, 0x0000000099a00000|100%| E|CS|TAMS 0x0000000099900000| PB 0x0000000099900000| Complete |  0
| 356|0x0000000099a00000, 0x0000000099b00000, 0x0000000099b00000|100%| E|CS|TAMS 0x0000000099a00000| PB 0x0000000099a00000| Complete |  0
| 357|0x0000000099b00000, 0x0000000099c00000, 0x0000000099c00000|100%| E|CS|TAMS 0x0000000099b00000| PB 0x0000000099b00000| Complete |  0
| 358|0x0000000099c00000, 0x0000000099d00000, 0x0000000099d00000|100%| E|CS|TAMS 0x0000000099c00000| PB 0x0000000099c00000| Complete |  0
| 359|0x0000000099d00000, 0x0000000099e00000, 0x0000000099e00000|100%| E|CS|TAMS 0x0000000099d00000| PB 0x0000000099d00000| Complete |  0
| 360|0x0000000099e00000, 0x0000000099f00000, 0x0000000099f00000|100%| E|CS|TAMS 0x0000000099e00000| PB 0x0000000099e00000| Complete |  0
| 361|0x0000000099f00000, 0x000000009a000000, 0x000000009a000000|100%| E|CS|TAMS 0x0000000099f00000| PB 0x0000000099f00000| Complete |  0
| 362|0x000000009a000000, 0x000000009a100000, 0x000000009a100000|100%| E|CS|TAMS 0x000000009a000000| PB 0x000000009a000000| Complete |  0
| 363|0x000000009a100000, 0x000000009a200000, 0x000000009a200000|100%| E|CS|TAMS 0x000000009a100000| PB 0x000000009a100000| Complete |  0
| 364|0x000000009a200000, 0x000000009a300000, 0x000000009a300000|100%| E|CS|TAMS 0x000000009a200000| PB 0x000000009a200000| Complete |  0
| 365|0x000000009a300000, 0x000000009a400000, 0x000000009a400000|100%| E|CS|TAMS 0x000000009a300000| PB 0x000000009a300000| Complete |  0
| 366|0x000000009a400000, 0x000000009a500000, 0x000000009a500000|100%| E|CS|TAMS 0x000000009a400000| PB 0x000000009a400000| Complete |  0
| 367|0x000000009a500000, 0x000000009a600000, 0x000000009a600000|100%| E|CS|TAMS 0x000000009a500000| PB 0x000000009a500000| Complete |  0
| 372|0x000000009aa00000, 0x000000009ab00000, 0x000000009ab00000|100%| E|CS|TAMS 0x000000009aa00000| PB 0x000000009aa00000| Complete |  0
| 373|0x000000009ab00000, 0x000000009ac00000, 0x000000009ac00000|100%| E|CS|TAMS 0x000000009ab00000| PB 0x000000009ab00000| Complete |  0
| 374|0x000000009ac00000, 0x000000009ad00000, 0x000000009ad00000|100%| E|CS|TAMS 0x000000009ac00000| PB 0x000000009ac00000| Complete |  0
| 375|0x000000009ad00000, 0x000000009ae00000, 0x000000009ae00000|100%| E|CS|TAMS 0x000000009ad00000| PB 0x000000009ad00000| Complete |  0
| 376|0x000000009ae00000, 0x000000009af00000, 0x000000009af00000|100%| E|CS|TAMS 0x000000009ae00000| PB 0x000000009ae00000| Complete |  0
| 377|0x000000009af00000, 0x000000009b000000, 0x000000009b000000|100%| E|CS|TAMS 0x000000009af00000| PB 0x000000009af00000| Complete |  0
| 378|0x000000009b000000, 0x000000009b100000, 0x000000009b100000|100%| E|CS|TAMS 0x000000009b000000| PB 0x000000009b000000| Complete |  0
| 379|0x000000009b100000, 0x000000009b200000, 0x000000009b200000|100%| E|CS|TAMS 0x000000009b100000| PB 0x000000009b100000| Complete |  0
| 380|0x000000009b200000, 0x000000009b300000, 0x000000009b300000|100%| E|CS|TAMS 0x000000009b200000| PB 0x000000009b200000| Complete |  0
| 381|0x000000009b300000, 0x000000009b400000, 0x000000009b400000|100%| E|CS|TAMS 0x000000009b300000| PB 0x000000009b300000| Complete |  0
| 382|0x000000009b400000, 0x000000009b500000, 0x000000009b500000|100%| E|CS|TAMS 0x000000009b400000| PB 0x000000009b400000| Complete |  0
| 383|0x000000009b500000, 0x000000009b600000, 0x000000009b600000|100%| E|CS|TAMS 0x000000009b500000| PB 0x000000009b500000| Complete |  0
| 384|0x000000009b600000, 0x000000009b700000, 0x000000009b700000|100%| E|CS|TAMS 0x000000009b600000| PB 0x000000009b600000| Complete |  0
| 385|0x000000009b700000, 0x000000009b800000, 0x000000009b800000|100%| E|CS|TAMS 0x000000009b700000| PB 0x000000009b700000| Complete |  0
| 386|0x000000009b800000, 0x000000009b900000, 0x000000009b900000|100%| E|CS|TAMS 0x000000009b800000| PB 0x000000009b800000| Complete |  0
| 387|0x000000009b900000, 0x000000009ba00000, 0x000000009ba00000|100%| E|CS|TAMS 0x000000009b900000| PB 0x000000009b900000| Complete |  0
| 388|0x000000009ba00000, 0x000000009bb00000, 0x000000009bb00000|100%| E|CS|TAMS 0x000000009ba00000| PB 0x000000009ba00000| Complete |  0
| 389|0x000000009bb00000, 0x000000009bc00000, 0x000000009bc00000|100%| E|CS|TAMS 0x000000009bb00000| PB 0x000000009bb00000| Complete |  0
| 555|0x00000000a6100000, 0x00000000a6200000, 0x00000000a6200000|100%| E|CS|TAMS 0x00000000a6100000| PB 0x00000000a6100000| Complete |  0
| 556|0x00000000a6200000, 0x00000000a6300000, 0x00000000a6300000|100%| E|CS|TAMS 0x00000000a6200000| PB 0x00000000a6200000| Complete |  0
| 557|0x00000000a6300000, 0x00000000a6400000, 0x00000000a6400000|100%| E|CS|TAMS 0x00000000a6300000| PB 0x00000000a6300000| Complete |  0
| 558|0x00000000a6400000, 0x00000000a6500000, 0x00000000a6500000|100%| E|CS|TAMS 0x00000000a6400000| PB 0x00000000a6400000| Complete |  0
| 559|0x00000000a6500000, 0x00000000a6600000, 0x00000000a6600000|100%| E|CS|TAMS 0x00000000a6500000| PB 0x00000000a6500000| Complete |  0
| 560|0x00000000a6600000, 0x00000000a6700000, 0x00000000a6700000|100%| E|CS|TAMS 0x00000000a6600000| PB 0x00000000a6600000| Complete |  0
| 561|0x00000000a6700000, 0x00000000a6800000, 0x00000000a6800000|100%| E|CS|TAMS 0x00000000a6700000| PB 0x00000000a6700000| Complete |  0
| 562|0x00000000a6800000, 0x00000000a6900000, 0x00000000a6900000|100%| E|CS|TAMS 0x00000000a6800000| PB 0x00000000a6800000| Complete |  0
| 563|0x00000000a6900000, 0x00000000a6a00000, 0x00000000a6a00000|100%| E|CS|TAMS 0x00000000a6900000| PB 0x00000000a6900000| Complete |  0
| 564|0x00000000a6a00000, 0x00000000a6b00000, 0x00000000a6b00000|100%| E|CS|TAMS 0x00000000a6a00000| PB 0x00000000a6a00000| Complete |  0
|1980|0x00000000ff200000, 0x00000000ff300000, 0x00000000ff300000|100%| E|CS|TAMS 0x00000000ff200000| PB 0x00000000ff200000| Complete |  0
|1981|0x00000000ff300000, 0x00000000ff400000, 0x00000000ff400000|100%| E|CS|TAMS 0x00000000ff300000| PB 0x00000000ff300000| Complete |  0
|1982|0x00000000ff400000, 0x00000000ff500000, 0x00000000ff500000|100%| E|CS|TAMS 0x00000000ff400000| PB 0x00000000ff400000| Complete |  0
|1983|0x00000000ff500000, 0x00000000ff600000, 0x00000000ff600000|100%| E|CS|TAMS 0x00000000ff500000| PB 0x00000000ff500000| Complete |  0
|1984|0x00000000ff600000, 0x00000000ff700000, 0x00000000ff700000|100%| E|CS|TAMS 0x00000000ff600000| PB 0x00000000ff600000| Complete |  0
|1985|0x00000000ff700000, 0x00000000ff800000, 0x00000000ff800000|100%| E|CS|TAMS 0x00000000ff700000| PB 0x00000000ff700000| Complete |  0
|1986|0x00000000ff800000, 0x00000000ff900000, 0x00000000ff900000|100%| O|  |TAMS 0x00000000ff800000| PB 0x00000000ff800000| Untracked |  0
|1987|0x00000000ff900000, 0x00000000ffa00000, 0x00000000ffa00000|100%| E|CS|TAMS 0x00000000ff900000| PB 0x00000000ff900000| Complete |  0
|1988|0x00000000ffa00000, 0x00000000ffb00000, 0x00000000ffb00000|100%| O|  |TAMS 0x00000000ffa00000| PB 0x00000000ffa00000| Untracked |  0
|1989|0x00000000ffb00000, 0x00000000ffc00000, 0x00000000ffc00000|100%| O|  |TAMS 0x00000000ffb00000| PB 0x00000000ffb00000| Untracked |  0
|1990|0x00000000ffc00000, 0x00000000ffd00000, 0x00000000ffd00000|100%| E|CS|TAMS 0x00000000ffc00000| PB 0x00000000ffc00000| Complete |  0
|1991|0x00000000ffd00000, 0x00000000ffe00000, 0x00000000ffe00000|100%| O|  |TAMS 0x00000000ffd00000| PB 0x00000000ffd00000| Untracked |  0
|1992|0x00000000ffe00000, 0x00000000fff00000, 0x00000000fff00000|100%| O|  |TAMS 0x00000000ffe00000| PB 0x00000000ffe00000| Untracked |  0
|1993|0x00000000fff00000, 0x0000000100000000, 0x0000000100000000|100%| E|CS|TAMS 0x00000000fff00000| PB 0x00000000fff00000| Complete |  0

Card table byte_map: [0x00000136314d0000,0x00000136318c0000] _byte_map_base: 0x00000136310b5000

Marking Bits: (CMBitMap*) 0x0000013619593480
 Bits: [0x00000136318c0000, 0x00000136337e8000)

Polling page: 0x00000136172b0000

Metaspace:

Usage:
  Non-class:     73.11 MB used.
      Class:      7.66 MB used.
       Both:     80.76 MB used.

Virtual space:
  Non-class space:      128.00 MB reserved,      73.69 MB ( 58%) committed,  2 nodes.
      Class space:        1.00 GB reserved,       8.31 MB ( <1%) committed,  1 nodes.
             Both:        1.12 GB reserved,      82.00 MB (  7%) committed. 

Chunk freelists:
   Non-Class:  5.94 MB
       Class:  7.81 MB
        Both:  13.75 MB

MaxMetaspaceSize: unlimited
CompressedClassSpaceSize: 1.00 GB
Initial GC threshold: 21.00 MB
Current GC threshold: 136.69 MB
CDS: on
 - commit_granule_bytes: 65536.
 - commit_granule_words: 8192.
 - virtual_space_node_default_size: 8388608.
 - enlarge_chunks_in_place: 1.
UseCompressedClassPointers 1, UseCompactObjectHeaders 0
Narrow klass pointer bits 32, Max shift 3
Narrow klass base: 0x0000013637000000, Narrow klass shift: 0
Encoding Range: [0x0000013637000000 - 0x0000013737000000), (4294967296 bytes)
Klass Range:    [0x0000013637000000 - 0x0000013678000000), (1090519040 bytes)
Klass ID Range:  [8 - 1090519033) (1090519025)


Internal statistics:

num_allocs_failed_limit: 6.
num_arena_births: 960.
num_arena_deaths: 282.
num_vsnodes_births: 3.
num_vsnodes_deaths: 0.
num_space_committed: 1312.
num_space_uncommitted: 0.
num_chunks_returned_to_freelist: 303.
num_chunks_taken_from_freelist: 4471.
num_chunk_merges: 74.
num_chunk_splits: 2816.
num_chunks_enlarged: 1805.
num_inconsistent_stats: 0.

CodeHeap 'non-profiled nmethods': size=120064Kb used=10221Kb max_used=11072Kb free=109842Kb
 bounds [0x0000013629870000, 0x000001362a360000, 0x0000013630db0000]
CodeHeap 'profiled nmethods': size=120000Kb used=10983Kb max_used=18404Kb free=109016Kb
 bounds [0x0000013621db0000, 0x0000013623060000, 0x00000136292e0000]
CodeHeap 'non-nmethods': size=5696Kb used=1657Kb max_used=1766Kb free=4039Kb
 bounds [0x00000136292e0000, 0x0000013629550000, 0x0000013629870000]
CodeCache: size=245760Kb, used=22861Kb, max_used=31242Kb, free=222897Kb
 total_blobs=7749, nmethods=6942, adapters=706, full_count=0
Compilation: enabled, stopped_count=0, restarted_count=0

Compilation events (20 events):
Event: 132883.902 Thread 0x0000013636276b10 21655       4       org.eclipse.jdt.internal.compiler.lookup.SourceTypeBinding::setSuperClass (159 bytes)
Event: 132883.905 Thread 0x0000013636276b10 nmethod 21655 0x0000013629959e88 code [0x0000013629959fa0, 0x000001362995a280]
Event: 132883.923 Thread 0x0000013636292480 21656       3       java.util.Comparators$NaturalOrderComparator::compare (13 bytes)
Event: 132883.925 Thread 0x0000013636292480 nmethod 21656 0x000001362202bd88 code [0x000001362202bec0, 0x000001362202c350]
Event: 132883.925 Thread 0x0000013636292480 21657       3       java.util.Comparators$NaturalOrderComparator::compare (8 bytes)
Event: 132883.925 Thread 0x0000013636292480 nmethod 21657 0x0000013621f21088 code [0x0000013621f211a0, 0x0000013621f21378]
Event: 132884.043 Thread 0x0000013636276b10 21658       4       java.util.Arrays::fill (21 bytes)
Event: 132884.048 Thread 0x0000013636276b10 nmethod 21658 0x000001362992c788 code [0x000001362992c880, 0x000001362992c998]
Event: 132884.143 Thread 0x0000013636276b10 21659       4       org.eclipse.jdt.internal.compiler.lookup.MethodBinding::isDefaultAbstract (15 bytes)
Event: 132884.144 Thread 0x0000013636276b10 nmethod 21659 0x000001362993fa08 code [0x000001362993fb00, 0x000001362993fb98]
Event: 132916.104 Thread 0x0000013636276b10 21660       4       org.eclipse.jdt.internal.compiler.lookup.MethodVerifier15::checkMethods (1164 bytes)
Event: 132916.220 Thread 0x0000013636292480 21663       2       org.eclipse.jdt.internal.compiler.lookup.MethodVerifier::computeMethods (144 bytes)
Event: 132916.221 Thread 0x0000013636292480 nmethod 21663 0x0000013621eb0b88 code [0x0000013621eb0d20, 0x0000013621eb1430]
Event: 132916.246 Thread 0x0000013636292480 21664       2       java.util.LinkedHashMap$Entry::<init> (10 bytes)
Event: 132916.247 Thread 0x0000013636292480 nmethod 21664 0x0000013621db6608 code [0x0000013621db6720, 0x0000013621db6938]
Event: 132916.253 Thread 0x0000013636292480 21666       3       java.util.HashMap::resize (356 bytes)
Event: 132916.255 Thread 0x0000013636292480 nmethod 21666 0x0000013621ed3e08 code [0x0000013621ed4020, 0x0000013621ed52d8]
Event: 132916.264 Thread 0x0000013636292480 21667       1       org.eclipse.jdt.internal.compiler.lookup.MissingTypeBinding::setMissingSuperclass (6 bytes)
Event: 132916.264 Thread 0x0000013636292480 nmethod 21667 0x0000013629951e88 code [0x0000013629951fa0, 0x00000136299520b0]
Event: 132916.745 Thread 0x0000013636292480 21670       3       org.eclipse.jdt.internal.compiler.ast.IfStatement::analyseCode (791 bytes)

GC Heap History (20 events):
Event: 120548.232 GC heap before
{Heap before GC invocations=156 (full 0):
 garbage-first heap   total reserved 2041856K, committed 437248K, used 388596K [0x0000000083600000, 0x0000000100000000)
  region size 1024K, 256 young (262144K), 17 survivors (17408K)
 Metaspace       used 82652K, committed 83968K, reserved 1179648K
  class space    used 7840K, committed 8512K, reserved 1048576K
}
Event: 120548.296 GC heap after
{Heap after GC invocations=157 (full 0):
 garbage-first heap   total reserved 2041856K, committed 437248K, used 143803K [0x0000000083600000, 0x0000000100000000)
  region size 1024K, 17 young (17408K), 17 survivors (17408K)
 Metaspace       used 82652K, committed 83968K, reserved 1179648K
  class space    used 7840K, committed 8512K, reserved 1048576K
}
Event: 120592.228 GC heap before
{Heap before GC invocations=157 (full 0):
 garbage-first heap   total reserved 2041856K, committed 437248K, used 393659K [0x0000000083600000, 0x0000000100000000)
  region size 1024K, 256 young (262144K), 17 survivors (17408K)
 Metaspace       used 82659K, committed 83968K, reserved 1179648K
  class space    used 7840K, committed 8512K, reserved 1048576K
}
Event: 120592.406 GC heap after
{Heap after GC invocations=158 (full 0):
 garbage-first heap   total reserved 2041856K, committed 437248K, used 160655K [0x0000000083600000, 0x0000000100000000)
  region size 1024K, 32 young (32768K), 32 survivors (32768K)
 Metaspace       used 82659K, committed 83968K, reserved 1179648K
  class space    used 7840K, committed 8512K, reserved 1048576K
}
Event: 120602.050 GC heap before
{Heap before GC invocations=158 (full 0):
 garbage-first heap   total reserved 2041856K, committed 437248K, used 227215K [0x0000000083600000, 0x0000000100000000)
  region size 1024K, 98 young (100352K), 32 survivors (32768K)
 Metaspace       used 82663K, committed 83968K, reserved 1179648K
  class space    used 7840K, committed 8512K, reserved 1048576K
}
Event: 120602.103 GC heap after
{Heap after GC invocations=159 (full 0):
 garbage-first heap   total reserved 2041856K, committed 437248K, used 161823K [0x0000000083600000, 0x0000000100000000)
  region size 1024K, 18 young (18432K), 18 survivors (18432K)
 Metaspace       used 82663K, committed 83968K, reserved 1179648K
  class space    used 7840K, committed 8512K, reserved 1048576K
}
Event: 120904.543 GC heap before
{Heap before GC invocations=160 (full 0):
 garbage-first heap   total reserved 2041856K, committed 437248K, used 383007K [0x0000000083600000, 0x0000000100000000)
  region size 1024K, 246 young (251904K), 18 survivors (18432K)
 Metaspace       used 82666K, committed 83968K, reserved 1179648K
  class space    used 7840K, committed 8512K, reserved 1048576K
}
Event: 120904.621 GC heap after
{Heap after GC invocations=161 (full 0):
 garbage-first heap   total reserved 2041856K, committed 437248K, used 147947K [0x0000000083600000, 0x0000000100000000)
  region size 1024K, 17 young (17408K), 17 survivors (17408K)
 Metaspace       used 82666K, committed 83968K, reserved 1179648K
  class space    used 7840K, committed 8512K, reserved 1048576K
}
Event: 120942.190 GC heap before
{Heap before GC invocations=161 (full 0):
 garbage-first heap   total reserved 2041856K, committed 437248K, used 390635K [0x0000000083600000, 0x0000000100000000)
  region size 1024K, 254 young (260096K), 17 survivors (17408K)
 Metaspace       used 82672K, committed 83968K, reserved 1179648K
  class space    used 7840K, committed 8512K, reserved 1048576K
}
Event: 120942.213 GC heap after
{Heap after GC invocations=162 (full 0):
 garbage-first heap   total reserved 2041856K, committed 437248K, used 140233K [0x0000000083600000, 0x0000000100000000)
  region size 1024K, 17 young (17408K), 17 survivors (17408K)
 Metaspace       used 82672K, committed 83968K, reserved 1179648K
  class space    used 7840K, committed 8512K, reserved 1048576K
}
Event: 128719.805 GC heap before
{Heap before GC invocations=162 (full 0):
 garbage-first heap   total reserved 2041856K, committed 437248K, used 384969K [0x0000000083600000, 0x0000000100000000)
  region size 1024K, 256 young (262144K), 17 survivors (17408K)
 Metaspace       used 82676K, committed 83968K, reserved 1179648K
  class space    used 7840K, committed 8512K, reserved 1048576K
}
Event: 128719.903 GC heap after
{Heap after GC invocations=163 (full 0):
 garbage-first heap   total reserved 2041856K, committed 437248K, used 141639K [0x0000000083600000, 0x0000000100000000)
  region size 1024K, 18 young (18432K), 18 survivors (18432K)
 Metaspace       used 82676K, committed 83968K, reserved 1179648K
  class space    used 7840K, committed 8512K, reserved 1048576K
}
Event: 128759.568 GC heap before
{Heap before GC invocations=164 (full 0):
 garbage-first heap   total reserved 2041856K, committed 423936K, used 366919K [0x0000000083600000, 0x0000000100000000)
  region size 1024K, 248 young (253952K), 18 survivors (18432K)
 Metaspace       used 82672K, committed 83968K, reserved 1179648K
  class space    used 7838K, committed 8512K, reserved 1048576K
}
Event: 128759.593 GC heap after
{Heap after GC invocations=165 (full 0):
 garbage-first heap   total reserved 2041856K, committed 423936K, used 130429K [0x0000000083600000, 0x0000000100000000)
  region size 1024K, 18 young (18432K), 18 survivors (18432K)
 Metaspace       used 82672K, committed 83968K, reserved 1179648K
  class space    used 7838K, committed 8512K, reserved 1048576K
}
Event: 132847.437 GC heap before
{Heap before GC invocations=165 (full 0):
 garbage-first heap   total reserved 2041856K, committed 423936K, used 364925K [0x0000000083600000, 0x0000000100000000)
  region size 1024K, 248 young (253952K), 18 survivors (18432K)
 Metaspace       used 82690K, committed 83968K, reserved 1179648K
  class space    used 7840K, committed 8512K, reserved 1048576K
}
Event: 132847.577 GC heap after
{Heap after GC invocations=166 (full 0):
 garbage-first heap   total reserved 2041856K, committed 423936K, used 124071K [0x0000000083600000, 0x0000000100000000)
  region size 1024K, 17 young (17408K), 17 survivors (17408K)
 Metaspace       used 82690K, committed 83968K, reserved 1179648K
  class space    used 7840K, committed 8512K, reserved 1048576K
}
Event: 132878.470 GC heap before
{Heap before GC invocations=166 (full 0):
 garbage-first heap   total reserved 2041856K, committed 423936K, used 220327K [0x0000000083600000, 0x0000000100000000)
  region size 1024K, 112 young (114688K), 17 survivors (17408K)
 Metaspace       used 82692K, committed 83968K, reserved 1179648K
  class space    used 7840K, committed 8512K, reserved 1048576K
}
Event: 132878.501 GC heap after
{Heap after GC invocations=167 (full 0):
 garbage-first heap   total reserved 2041856K, committed 423936K, used 123440K [0x0000000083600000, 0x0000000100000000)
  region size 1024K, 17 young (17408K), 17 survivors (17408K)
 Metaspace       used 82692K, committed 83968K, reserved 1179648K
  class space    used 7840K, committed 8512K, reserved 1048576K
}
Event: 132916.666 GC heap before
{Heap before GC invocations=168 (full 0):
 garbage-first heap   total reserved 2041856K, committed 419840K, used 357936K [0x0000000083600000, 0x0000000100000000)
  region size 1024K, 246 young (251904K), 17 survivors (17408K)
 Metaspace       used 82701K, committed 83968K, reserved 1179648K
  class space    used 7840K, committed 8512K, reserved 1048576K
}
Event: 132916.716 GC heap after
{Heap after GC invocations=169 (full 0):
 garbage-first heap   total reserved 2041856K, committed 419840K, used 124071K [0x0000000083600000, 0x0000000100000000)
  region size 1024K, 17 young (17408K), 17 survivors (17408K)
 Metaspace       used 82701K, committed 83968K, reserved 1179648K
  class space    used 7840K, committed 8512K, reserved 1048576K
}

Dll operation events (14 events):
Event: 0.064 Loaded shared library E:\Programme\Java\jdk-24\bin\java.dll
Event: 0.130 Loaded shared library E:\Programme\Java\jdk-24\bin\jsvml.dll
Event: 0.139 Loaded shared library E:\Programme\Java\jdk-24\bin\net.dll
Event: 0.145 Loaded shared library E:\Programme\Java\jdk-24\bin\nio.dll
Event: 0.150 Loaded shared library E:\Programme\Java\jdk-24\bin\zip.dll
Event: 0.323 Loaded shared library E:\Programme\Java\jdk-24\bin\jimage.dll
Event: 2.158 Loaded shared library C:\Users\JEREMIE\.local\share\kilo\bin\jdtls\config_win\org.eclipse.equinox.launcher\org.eclipse.equinox.launcher.win32.win32.x86_64_1.3.0.v20260203-2149\eclipse_11919.dll
Event: 5.777 Loaded shared library E:\Programme\Java\jdk-24\bin\management.dll
Event: 5.784 Loaded shared library E:\Programme\Java\jdk-24\bin\management_ext.dll
Event: 6.096 Loaded shared library E:\Programme\Java\jdk-24\bin\verify.dll
Event: 9.318 Loaded shared library C:\Users\JEREMIE\AppData\Local\Temp\jna--990932293\jna14121845286729691312.dll
Event: 10.897 Loaded shared library E:\Programme\Java\jdk-24\bin\sunmscapi.dll
Event: 11.248 Loaded shared library E:\Programme\Java\jdk-24\bin\extnet.dll
Event: 16.603 Loaded shared library C:\Users\JEREMIE\.gradle\native\68d5fa5c4cc2d200863cafc0d521ce42e7d3e7ee720ec0a83991735586a16f82\windows-amd64\native-platform.dll

Deoptimization events (20 events):
Event: 132881.994 Thread 0x000001367f698d30 Uncommon trap: trap_request=0xffffffde fr.pc=0x000001362a2d37e8 relative=0x00000000000022c8
Event: 132881.994 Thread 0x000001367f698d30 Uncommon trap: reason=class_check action=maybe_recompile pc=0x000001362a2d37e8 method=org.eclipse.jdt.internal.compiler.ast.MessageSend.resolveType(Lorg/eclipse/jdt/internal/compiler/lookup/BlockScope;)Lorg/eclipse/jdt/internal/compiler/lookup/TypeBinding
Event: 132881.994 Thread 0x000001367f698d30 DEOPT PACKING pc=0x000001362a2d37e8 sp=0x00000004f5ffe120
Event: 132881.997 Thread 0x000001367f698d30 DEOPT UNPACKING pc=0x00000136293f6482 sp=0x00000004f5ffe098 mode 2
Event: 132882.789 Thread 0x000001367f698d30 Uncommon trap: trap_request=0xffffff6e fr.pc=0x000001362a18ba38 relative=0x00000000000012f8
Event: 132882.789 Thread 0x000001367f698d30 Uncommon trap: reason=loop_limit_check action=maybe_recompile pc=0x000001362a18ba38 method=org.eclipse.jdt.internal.compiler.lookup.MethodVerifier.computeMethods()V @ 140 c2
Event: 132882.789 Thread 0x000001367f698d30 DEOPT PACKING pc=0x000001362a18ba38 sp=0x00000004f5ffeb00
Event: 132882.789 Thread 0x000001367f698d30 DEOPT UNPACKING pc=0x00000136293f6482 sp=0x00000004f5ffeac0 mode 2
Event: 132913.960 Thread 0x000001367d70a650 Uncommon trap: trap_request=0xffffff4d fr.pc=0x0000013629c463d0 relative=0x0000000000000670
Event: 132913.961 Thread 0x000001367d70a650 Uncommon trap: reason=unstable_if action=reinterpret pc=0x0000013629c463d0 method=java.util.concurrent.ConcurrentHashMap.replaceNode(Ljava/lang/Object;Ljava/lang/Object;Ljava/lang/Object;)Ljava/lang/Object; @ 167 c2
Event: 132913.961 Thread 0x000001367d70a650 DEOPT PACKING pc=0x0000013629c463d0 sp=0x00000004f9afe700
Event: 132913.961 Thread 0x000001367d70a650 DEOPT UNPACKING pc=0x00000136293f6482 sp=0x00000004f9afe668 mode 2
Event: 132916.104 Thread 0x0000013636313590 DEOPT PACKING pc=0x00000136228d9749 sp=0x00000004f89fe3c0
Event: 132916.104 Thread 0x0000013636313590 DEOPT UNPACKING pc=0x0000013629335722 sp=0x00000004f89fd900 mode 0
Event: 132916.248 Thread 0x0000013636313590 Uncommon trap: trap_request=0xffffff4d fr.pc=0x00000136298bfc98 relative=0x0000000000000618
Event: 132916.248 Thread 0x0000013636313590 Uncommon trap: reason=unstable_if action=reinterpret pc=0x00000136298bfc98 method=java.util.HashMap.resize()[Ljava/util/HashMap$Node; @ 203 c2
Event: 132916.248 Thread 0x0000013636313590 DEOPT PACKING pc=0x00000136298bfc98 sp=0x00000004f89fd860
Event: 132916.248 Thread 0x0000013636313590 DEOPT UNPACKING pc=0x00000136293f6482 sp=0x00000004f89fd7c0 mode 2
Event: 132916.745 Thread 0x0000013636313590 DEOPT PACKING pc=0x000001362257f9a1 sp=0x00000004f89fde30
Event: 132916.745 Thread 0x0000013636313590 DEOPT UNPACKING pc=0x0000013629335722 sp=0x00000004f89fd2b0 mode 0

Classes loaded (20 events):
Event: 120444.119 Loading class jdk/internal/module/IllegalAccessLogger
Event: 120444.119 Loading class jdk/internal/module/IllegalAccessLogger done
Event: 120444.122 Loading class jdk/internal/module/IllegalAccessLogger
Event: 120444.122 Loading class jdk/internal/module/IllegalAccessLogger done
Event: 120558.793 Loading class jdk/internal/module/IllegalAccessLogger
Event: 120558.793 Loading class jdk/internal/module/IllegalAccessLogger done
Event: 120558.795 Loading class jdk/internal/module/IllegalAccessLogger
Event: 120558.795 Loading class jdk/internal/module/IllegalAccessLogger done
Event: 120602.690 Loading class jdk/internal/module/IllegalAccessLogger
Event: 120602.690 Loading class jdk/internal/module/IllegalAccessLogger done
Event: 120602.691 Loading class jdk/internal/module/IllegalAccessLogger
Event: 120602.691 Loading class jdk/internal/module/IllegalAccessLogger done
Event: 128757.155 Loading class jdk/internal/module/IllegalAccessLogger
Event: 128757.165 Loading class jdk/internal/module/IllegalAccessLogger done
Event: 128757.166 Loading class jdk/internal/module/IllegalAccessLogger
Event: 128757.166 Loading class jdk/internal/module/IllegalAccessLogger done
Event: 132879.210 Loading class jdk/internal/module/IllegalAccessLogger
Event: 132879.217 Loading class jdk/internal/module/IllegalAccessLogger done
Event: 132879.222 Loading class jdk/internal/module/IllegalAccessLogger
Event: 132879.222 Loading class jdk/internal/module/IllegalAccessLogger done

Classes unloaded (20 events):
Event: 3809.907 Thread 0x00000136362617c0 Unloading class 0x00000136380b8000 'java/lang/invoke/LambdaForm$MH+0x00000136380b8000'
Event: 3809.908 Thread 0x00000136362617c0 Unloading class 0x00000136380ad400 'java/lang/invoke/LambdaForm$MH+0x00000136380ad400'
Event: 3809.908 Thread 0x00000136362617c0 Unloading class 0x00000136380ad000 'java/lang/invoke/LambdaForm$MH+0x00000136380ad000'
Event: 3809.908 Thread 0x00000136362617c0 Unloading class 0x0000013638085800 'java/lang/invoke/LambdaForm$MH+0x0000013638085800'
Event: 3809.909 Thread 0x00000136362617c0 Unloading class 0x0000013638085400 'java/lang/invoke/LambdaForm$MH+0x0000013638085400'
Event: 3809.909 Thread 0x00000136362617c0 Unloading class 0x000001363800ac00 'java/lang/invoke/LambdaForm$MH+0x000001363800ac00'
Event: 3809.909 Thread 0x00000136362617c0 Unloading class 0x000001363800a800 'java/lang/invoke/LambdaForm$MH+0x000001363800a800'
Event: 3809.909 Thread 0x00000136362617c0 Unloading class 0x0000013638003000 'java/lang/invoke/LambdaForm$MH+0x0000013638003000'
Event: 3809.909 Thread 0x00000136362617c0 Unloading class 0x0000013638001800 'java/lang/invoke/LambdaForm$MH+0x0000013638001800'
Event: 116738.563 Thread 0x00000136362617c0 Unloading class 0x0000013638702000 'java/lang/invoke/LambdaForm$MH+0x0000013638702000'
Event: 116738.564 Thread 0x00000136362617c0 Unloading class 0x0000013638742800 'java/lang/invoke/LambdaForm$MH+0x0000013638742800'
Event: 116738.564 Thread 0x00000136362617c0 Unloading class 0x00000136387d8c00 'java/lang/invoke/LambdaForm$MH+0x00000136387d8c00'
Event: 116738.565 Thread 0x00000136362617c0 Unloading class 0x0000013638401400 'java/lang/invoke/LambdaForm$MH+0x0000013638401400'
Event: 120064.739 Thread 0x00000136362617c0 Unloading class 0x00000136387d8c00 'java/lang/invoke/LambdaForm$MH+0x00000136387d8c00'
Event: 120064.739 Thread 0x00000136362617c0 Unloading class 0x0000013638742800 'java/lang/invoke/LambdaForm$MH+0x0000013638742800'
Event: 120064.739 Thread 0x00000136362617c0 Unloading class 0x0000013638702000 'java/lang/invoke/LambdaForm$MH+0x0000013638702000'
Event: 128720.526 Thread 0x00000136362617c0 Unloading class 0x0000013638702000 'java/lang/invoke/LambdaForm$MH+0x0000013638702000'
Event: 128720.526 Thread 0x00000136362617c0 Unloading class 0x0000013638742800 'java/lang/invoke/LambdaForm$MH+0x0000013638742800'
Event: 128720.526 Thread 0x00000136362617c0 Unloading class 0x00000136387d8c00 'java/lang/invoke/LambdaForm$MH+0x00000136387d8c00'
Event: 128720.526 Thread 0x00000136362617c0 Unloading class 0x0000013638830000 'java/lang/invoke/LambdaForm$DMH+0x0000013638830000'

Classes redefined (0 events):
No events

Internal exceptions (20 events):
Event: 120065.735 Thread 0x000001367c55c520 Exception <a 'sun/nio/fs/WindowsException'{0x000000009b5163d8}> (0x000000009b5163d8) 
thrown [s\open\src\hotspot\share\prims\jni.cpp, line 518]
Event: 120364.336 Thread 0x000001367f698d30 Exception <a 'sun/nio/fs/WindowsException'{0x00000000ff653048}> (0x00000000ff653048) 
thrown [s\open\src\hotspot\share\prims\jni.cpp, line 518]
Event: 120364.339 Thread 0x000001367f698d30 Exception <a 'sun/nio/fs/WindowsException'{0x00000000ff6538b8}> (0x00000000ff6538b8) 
thrown [s\open\src\hotspot\share\prims\jni.cpp, line 518]
Event: 120382.406 Thread 0x000001367f698d30 Implicit null exception at 0x000001362a1b750f to 0x000001362a1b7ea8
Event: 120390.250 Thread 0x000001367c55c520 Exception <a 'sun/nio/fs/WindowsException'{0x0000000095ddb9b8}> (0x0000000095ddb9b8) 
thrown [s\open\src\hotspot\share\prims\jni.cpp, line 518]
Event: 120392.389 Thread 0x000001367c55c520 Exception <a 'sun/nio/fs/WindowsException'{0x00000000933ebfc0}> (0x00000000933ebfc0) 
thrown [s\open\src\hotspot\share\prims\jni.cpp, line 518]
Event: 120443.339 Thread 0x000001367c55c520 Exception <a 'sun/nio/fs/WindowsException'{0x0000000093cde4c8}> (0x0000000093cde4c8) 
thrown [s\open\src\hotspot\share\prims\jni.cpp, line 518]
Event: 120445.809 Thread 0x000001367c55c520 Exception <a 'sun/nio/fs/WindowsException'{0x000000009b328620}> (0x000000009b328620) 
thrown [s\open\src\hotspot\share\prims\jni.cpp, line 518]
Event: 120558.254 Thread 0x000001367c55c520 Exception <a 'sun/nio/fs/WindowsException'{0x00000000a645ddb0}> (0x00000000a645ddb0) 
thrown [s\open\src\hotspot\share\prims\jni.cpp, line 518]
Event: 120559.305 Thread 0x000001367c55c520 Exception <a 'sun/nio/fs/WindowsException'{0x000000009a01a548}> (0x000000009a01a548) 
thrown [s\open\src\hotspot\share\prims\jni.cpp, line 518]
Event: 120602.019 Thread 0x000001367c55c520 Exception <a 'sun/nio/fs/WindowsException'{0x0000000099bf5930}> (0x0000000099bf5930) 
thrown [s\open\src\hotspot\share\prims\jni.cpp, line 518]
Event: 120603.528 Thread 0x000001367c55c520 Exception <a 'sun/nio/fs/WindowsException'{0x000000009b2392f8}> (0x000000009b2392f8) 
thrown [s\open\src\hotspot\share\prims\jni.cpp, line 518]
Event: 120690.377 Thread 0x0000013636313590 Exception <a 'sun/nio/fs/WindowsException'{0x0000000090caf9d0}> (0x0000000090caf9d0) 
thrown [s\open\src\hotspot\share\prims\jni.cpp, line 518]
Event: 120690.379 Thread 0x0000013636313590 Exception <a 'sun/nio/fs/WindowsException'{0x0000000090cb0240}> (0x0000000090cb0240) 
thrown [s\open\src\hotspot\share\prims\jni.cpp, line 518]
Event: 128756.767 Thread 0x000001367c55c520 Exception <a 'sun/nio/fs/WindowsException'{0x0000000092bf7fb8}> (0x0000000092bf7fb8) 
thrown [s\open\src\hotspot\share\prims\jni.cpp, line 518]
Event: 128757.535 Thread 0x000001367c55c520 Exception <a 'sun/nio/fs/WindowsException'{0x000000009034dec8}> (0x000000009034dec8) 
thrown [s\open\src\hotspot\share\prims\jni.cpp, line 518]
Event: 129056.954 Thread 0x0000013636313590 Exception <a 'sun/nio/fs/WindowsException'{0x0000000097339e78}> (0x0000000097339e78) 
thrown [s\open\src\hotspot\share\prims\jni.cpp, line 518]
Event: 129056.956 Thread 0x0000013636313590 Exception <a 'sun/nio/fs/WindowsException'{0x000000009733a6c8}> (0x000000009733a6c8) 
thrown [s\open\src\hotspot\share\prims\jni.cpp, line 518]
Event: 132878.458 Thread 0x000001367c55c520 Exception <a 'sun/nio/fs/WindowsException'{0x0000000097021830}> (0x0000000097021830) 
thrown [s\open\src\hotspot\share\prims\jni.cpp, line 518]
Event: 132879.129 Thread 0x000001367c55c520 Exception <a 'sun/nio/fs/WindowsException'{0x000000009af32e20}> (0x000000009af32e20) 
thrown [s\open\src\hotspot\share\prims\jni.cpp, line 518]

VM Operations (20 events):
Event: 131664.807 Executing VM operation: RendezvousGCThreads
Event: 131664.807 Executing VM operation: RendezvousGCThreads done
Event: 132566.510 Executing VM operation: HandshakeAllThreads (HandshakeForDeflation)
Event: 132566.512 Executing VM operation: HandshakeAllThreads (HandshakeForDeflation) done
Event: 132566.512 Executing VM operation: RendezvousGCThreads
Event: 132566.513 Executing VM operation: RendezvousGCThreads done
Event: 132847.434 Executing VM operation: G1CollectForAllocation (G1 Evacuation Pause)
Event: 132847.577 Executing VM operation: G1CollectForAllocation (G1 Evacuation Pause) done
Event: 132867.239 Executing VM operation: HandshakeAllThreads (HandshakeForDeflation)
Event: 132867.240 Executing VM operation: HandshakeAllThreads (HandshakeForDeflation) done
Event: 132867.240 Executing VM operation: RendezvousGCThreads
Event: 132867.240 Executing VM operation: RendezvousGCThreads done
Event: 132878.470 Executing VM operation: G1TryInitiateConcMark (G1 Humongous Allocation)
Event: 132878.501 Executing VM operation: G1TryInitiateConcMark (G1 Humongous Allocation) done
Event: 132879.230 Executing VM operation: G1PauseRemark
Event: 132879.351 Executing VM operation: G1PauseRemark done
Event: 132879.431 Executing VM operation: G1PauseCleanup
Event: 132879.447 Executing VM operation: G1PauseCleanup done
Event: 132916.666 Executing VM operation: G1CollectForAllocation (G1 Evacuation Pause)
Event: 132916.716 Executing VM operation: G1CollectForAllocation (G1 Evacuation Pause) done

Memory protections (0 events):
No events

Nmethod flushes (20 events):
Event: 132879.333 Thread 0x00000136362617c0 flushing  nmethod 0x0000013629fb2888
Event: 132879.333 Thread 0x00000136362617c0 flushing  nmethod 0x000001362a05ff88
Event: 132879.333 Thread 0x00000136362617c0 flushing  nmethod 0x000001362a175f08
Event: 132879.335 Thread 0x00000136362617c0 flushing  nmethod 0x000001362a18a508
Event: 132879.336 Thread 0x00000136362617c0 flushing  nmethod 0x0000013621dbde08
Event: 132879.336 Thread 0x00000136362617c0 flushing  nmethod 0x0000013621eabc88
Event: 132879.336 Thread 0x00000136362617c0 flushing  nmethod 0x0000013621eb0b88
Event: 132879.336 Thread 0x00000136362617c0 flushing  nmethod 0x0000013621eb4408
Event: 132879.336 Thread 0x00000136362617c0 flushing  nmethod 0x0000013621fc1e08
Event: 132879.336 Thread 0x00000136362617c0 flushing  nmethod 0x0000013621ff1f08
Event: 132879.336 Thread 0x00000136362617c0 flushing  nmethod 0x000001362201ee08
Event: 132879.337 Thread 0x00000136362617c0 flushing  nmethod 0x0000013622020508
Event: 132879.337 Thread 0x00000136362617c0 flushing  nmethod 0x0000013622221108
Event: 132879.338 Thread 0x00000136362617c0 flushing  nmethod 0x000001362234f508
Event: 132879.338 Thread 0x00000136362617c0 flushing  nmethod 0x00000136225d4908
Event: 132879.338 Thread 0x00000136362617c0 flushing  nmethod 0x00000136225d7588
Event: 132879.338 Thread 0x00000136362617c0 flushing  nmethod 0x00000136225db488
Event: 132879.338 Thread 0x00000136362617c0 flushing  nmethod 0x00000136226ee008
Event: 132879.338 Thread 0x00000136362617c0 flushing  nmethod 0x00000136228dc608
Event: 132879.338 Thread 0x00000136362617c0 flushing  nmethod 0x0000013622a07088

Events (20 events):
Event: 120602.379 Thread 0x000001367f698d30 Thread added: 0x0000013636313ce0
Event: 120662.929 Thread 0x0000013636314b80 Thread exited: 0x0000013636314b80
Event: 120663.770 Thread 0x000001367f698d30 Thread exited: 0x000001367f698d30
Event: 120690.395 Thread 0x0000013636313590 Thread added: 0x0000013636314b80
Event: 120690.403 Thread 0x0000013636314b80 Thread exited: 0x0000013636314b80
Event: 120690.615 Thread 0x000001367eb6cca0 Thread exited: 0x000001367eb6cca0
Event: 120743.776 Thread 0x000001367eb72460 Thread exited: 0x000001367eb72460
Event: 120858.629 Thread 0x000001367eb6f880 Thread exited: 0x000001367eb6f880
Event: 120902.413 Thread 0x0000013636313ce0 Thread exited: 0x0000013636313ce0
Event: 128703.022 Thread 0x0000013636313590 Thread added: 0x0000013636314b80
Event: 128756.929 Thread 0x0000013636313590 Thread added: 0x0000013636313ce0
Event: 128757.168 Thread 0x0000013636313590 Thread added: 0x000001367f698d30
Event: 128817.266 Thread 0x000001367f698d30 Thread exited: 0x000001367f698d30
Event: 128819.485 Thread 0x000001367eb715c0 Thread exited: 0x000001367eb715c0
Event: 129056.953 Thread 0x0000013636313ce0 Thread exited: 0x0000013636313ce0
Event: 129056.968 Thread 0x0000013636313590 Thread added: 0x000001367f6985e0
Event: 129056.974 Thread 0x000001367f6985e0 Thread exited: 0x000001367f6985e0
Event: 132847.146 Thread 0x0000013636313590 Thread added: 0x000001367f698d30
Event: 132878.784 Thread 0x000001367f698d30 Thread added: 0x000001367f69c7b0
Event: 132879.357 Thread 0x000001367f698d30 Thread added: 0x000001367f69dda0


Dynamic libraries:
0x00007ff768090000 - 0x00007ff7680a0000 	E:\Programme\Java\jdk-24\bin\java.EXE
0x00007ff88d0c0000 - 0x00007ff88d327000 	C:\WINDOWS\SYSTEM32\ntdll.dll
0x00007ff88c8b0000 - 0x00007ff88c979000 	C:\WINDOWS\System32\KERNEL32.DLL
0x00007ff889bd0000 - 0x00007ff889fc1000 	C:\WINDOWS\System32\KERNELBASE.dll
0x00007ff88ab20000 - 0x00007ff88ac6b000 	C:\WINDOWS\System32\ucrtbase.dll
0x00007ff867710000 - 0x00007ff86772b000 	E:\Programme\Java\jdk-24\bin\VCRUNTIME140.dll
0x00007ff8726f0000 - 0x00007ff872706000 	E:\Programme\Java\jdk-24\bin\jli.dll
0x00007ff88b690000 - 0x00007ff88b855000 	C:\WINDOWS\System32\USER32.dll
0x00007ff8899a0000 - 0x00007ff8899c7000 	C:\WINDOWS\System32\win32u.dll
0x00007ff88b540000 - 0x00007ff88b56b000 	C:\WINDOWS\System32\GDI32.dll
0x00007ff88ac70000 - 0x00007ff88ad9b000 	C:\WINDOWS\System32\gdi32full.dll
0x00007ff870930000 - 0x00007ff870bc3000 	C:\WINDOWS\WinSxS\amd64_microsoft.windows.common-controls_6595b64144ccf1df_6.0.26100.8037_none_3e092faae333b53b\COMCTL32.dll
0x00007ff88a8f0000 - 0x00007ff88a993000 	C:\WINDOWS\System32\msvcp_win.dll
0x00007ff88c330000 - 0x00007ff88c3d9000 	C:\WINDOWS\System32\msvcrt.dll
0x00007ff88c770000 - 0x00007ff88c7a1000 	C:\WINDOWS\System32\IMM32.DLL
0x0000000064960000 - 0x000000006496d000 	C:\Program Files (x86)\360\Total Security\safemon\SafeWrapper.dll
0x00007ff88ae60000 - 0x00007ff88af1b000 	C:\WINDOWS\System32\ADVAPI32.dll
0x00007ff88af20000 - 0x00007ff88afc7000 	C:\WINDOWS\System32\sechost.dll
0x00007ff88b570000 - 0x00007ff88b688000 	C:\WINDOWS\System32\RPCRT4.dll
0x00007ff884780000 - 0x00007ff884885000 	C:\Program Files (x86)\360\Total Security\safemon\libzdtp64.dll
0x00007ff88b870000 - 0x00007ff88bfcf000 	C:\WINDOWS\System32\SHELL32.dll
0x00007ff8899d0000 - 0x00007ff889b3a000 	C:\WINDOWS\System32\wintypes.dll
0x00007ff88b1b0000 - 0x00007ff88b532000 	C:\WINDOWS\System32\combase.dll
0x00007ff88c500000 - 0x00007ff88c567000 	C:\WINDOWS\System32\SHLWAPI.dll
0x00007ff889fd0000 - 0x00007ff88a834000 	C:\WINDOWS\System32\Windows.Storage.dll
0x00007ff8892c0000 - 0x00007ff8892cb000 	C:\WINDOWS\SYSTEM32\VERSION.dll
0x00007ff878a90000 - 0x00007ff878a9c000 	E:\Programme\Java\jdk-24\bin\vcruntime140_1.dll
0x00007ff81ff80000 - 0x00007ff82000e000 	E:\Programme\Java\jdk-24\bin\msvcp140.dll
0x00007ffff6e40000 - 0x00007ffff7be2000 	E:\Programme\Java\jdk-24\bin\server\jvm.dll
0x00007ff88c980000 - 0x00007ff88c9f4000 	C:\WINDOWS\System32\WS2_32.dll
0x00007ff889820000 - 0x00007ff88987e000 	C:\WINDOWS\SYSTEM32\POWRPROF.dll
0x00007ff8732a0000 - 0x00007ff8732d5000 	C:\WINDOWS\SYSTEM32\WINMM.dll
0x00007ff889800000 - 0x00007ff889814000 	C:\WINDOWS\SYSTEM32\UMPDC.dll
0x00007ff888680000 - 0x00007ff88869b000 	C:\WINDOWS\SYSTEM32\kernel.appcore.dll
0x00007ff874390000 - 0x00007ff87439a000 	E:\Programme\Java\jdk-24\bin\jimage.dll
0x00007ff887800000 - 0x00007ff887a42000 	C:\WINDOWS\SYSTEM32\DBGHELP.DLL
0x00007ff88c110000 - 0x00007ff88c1e7000 	C:\WINDOWS\System32\OLEAUT32.dll
0x00007ff86ef20000 - 0x00007ff86ef5b000 	C:\WINDOWS\SYSTEM32\dbgcore.DLL
0x00007ff88a840000 - 0x00007ff88a8e5000 	C:\WINDOWS\System32\bcryptPrimitives.dll
0x00007ff867430000 - 0x00007ff86744e000 	E:\Programme\Java\jdk-24\bin\java.dll
0x00007ff88c570000 - 0x00007ff88c705000 	C:\WINDOWS\System32\ole32.dll
0x00007ff88c7b0000 - 0x00007ff88c8a7000 	C:\WINDOWS\System32\SHCORE.dll
0x00007ff8898c0000 - 0x00007ff8898e9000 	C:\WINDOWS\SYSTEM32\profapi.dll
0x00007ff823d60000 - 0x00007ff823e37000 	E:\Programme\Java\jdk-24\bin\jsvml.dll
0x00007ff872b60000 - 0x00007ff872b70000 	E:\Programme\Java\jdk-24\bin\net.dll
0x00007ff888bd0000 - 0x00007ff888c3b000 	C:\WINDOWS\system32\mswsock.dll
0x00007ff865a50000 - 0x00007ff865a66000 	E:\Programme\Java\jdk-24\bin\nio.dll
0x00007ff85a060000 - 0x00007ff85a077000 	E:\Programme\Java\jdk-24\bin\zip.dll
0x00007ff8532b0000 - 0x00007ff8532f5000 	C:\Users\JEREMIE\.local\share\kilo\bin\jdtls\config_win\org.eclipse.equinox.launcher\org.eclipse.equinox.launcher.win32.win32.x86_64_1.3.0.v20260203-2149\eclipse_11919.dll
0x00007ff8646c0000 - 0x00007ff8646ca000 	E:\Programme\Java\jdk-24\bin\management.dll
0x00007ff863690000 - 0x00007ff86369b000 	E:\Programme\Java\jdk-24\bin\management_ext.dll
0x00007ff88cb80000 - 0x00007ff88cb88000 	C:\WINDOWS\System32\PSAPI.DLL
0x00007ff86f470000 - 0x00007ff86f480000 	E:\Programme\Java\jdk-24\bin\verify.dll
0x00007ff888fd0000 - 0x00007ff888feb000 	C:\WINDOWS\SYSTEM32\CRYPTSP.dll
0x00007ff8885e0000 - 0x00007ff888619000 	C:\WINDOWS\system32\rsaenh.dll
0x00007ff888c80000 - 0x00007ff888cb2000 	C:\WINDOWS\SYSTEM32\USERENV.dll
0x00007ff889890000 - 0x00007ff8898ba000 	C:\WINDOWS\SYSTEM32\bcrypt.dll
0x00007ff888e30000 - 0x00007ff888e3c000 	C:\WINDOWS\SYSTEM32\CRYPTBASE.dll
0x00007ff887f90000 - 0x00007ff887fc3000 	C:\WINDOWS\SYSTEM32\IPHLPAPI.DLL
0x00007ff88cb90000 - 0x00007ff88cb9a000 	C:\WINDOWS\System32\NSI.dll
0x00007ff853260000 - 0x00007ff8532a9000 	C:\Users\JEREMIE\AppData\Local\Temp\jna--990932293\jna14121845286729691312.dll
0x00007ff882be0000 - 0x00007ff882d07000 	C:\WINDOWS\SYSTEM32\winhttp.dll
0x00007ff87ec60000 - 0x00007ff87ec7d000 	C:\WINDOWS\SYSTEM32\dhcpcsvc6.DLL
0x00007ff87ec10000 - 0x00007ff87ec33000 	C:\WINDOWS\SYSTEM32\dhcpcsvc.DLL
0x00007ff8726a0000 - 0x00007ff8726ae000 	E:\Programme\Java\jdk-24\bin\sunmscapi.dll
0x00007ff88a9a0000 - 0x00007ff88ab17000 	C:\WINDOWS\System32\CRYPT32.dll
0x00007ff889130000 - 0x00007ff889160000 	C:\WINDOWS\SYSTEM32\ncrypt.dll
0x00007ff8890e0000 - 0x00007ff88911f000 	C:\WINDOWS\SYSTEM32\NTASN1.dll
0x00007ff888160000 - 0x00007ff88828a000 	C:\WINDOWS\SYSTEM32\DNSAPI.dll
0x00007ff8762b0000 - 0x00007ff8762bb000 	C:\Windows\System32\rasadhlp.dll
0x00007ff878fe0000 - 0x00007ff879066000 	C:\WINDOWS\System32\fwpuclnt.dll
0x00007ff867800000 - 0x00007ff867809000 	E:\Programme\Java\jdk-24\bin\extnet.dll
0x00007ff8580d0000 - 0x00007ff8580f7000 	C:\Users\JEREMIE\.gradle\native\68d5fa5c4cc2d200863cafc0d521ce42e7d3e7ee720ec0a83991735586a16f82\windows-amd64\native-platform.dll
0x00007ff860900000 - 0x00007ff860908000 	C:\WINDOWS\system32\wshunix.dll

JVMTI agents: none

dbghelp: loaded successfully - version: 4.0.5 - missing functions: none
symbol engine: initialized successfully - sym options: 0x614 - pdb path: .;E:\Programme\Java\jdk-24\bin;C:\WINDOWS\SYSTEM32;C:\WINDOWS\WinSxS\amd64_microsoft.windows.common-controls_6595b64144ccf1df_6.0.26100.8037_none_3e092faae333b53b;C:\Program Files (x86)\360\Total Security\safemon;E:\Programme\Java\jdk-24\bin\server;C:\Users\JEREMIE\.local\share\kilo\bin\jdtls\config_win\org.eclipse.equinox.launcher\org.eclipse.equinox.launcher.win32.win32.x86_64_1.3.0.v20260203-2149;C:\Users\JEREMIE\AppData\Local\Temp\jna--990932293;C:\Users\JEREMIE\.gradle\native\68d5fa5c4cc2d200863cafc0d521ce42e7d3e7ee720ec0a83991735586a16f82\windows-amd64

VM Arguments:
java_command: C:\Users\JEREMIE\.local\share\kilo\bin\jdtls\plugins\org.eclipse.equinox.launcher_1.7.100.v20251111-0406.jar -configuration C:\Users\JEREMIE\.local\share\kilo\bin\jdtls\config_win -data C:\Users\JEREMIE\AppData\Local\Temp\opencode-jdtls-dataNkeLAC -Declipse.application=org.eclipse.jdt.ls.core.id1 -Dosgi.bundles.defaultStartLevel=4 -Declipse.product=org.eclipse.jdt.ls.core.product -Dlog.level=ALL --add-modules=ALL-SYSTEM --add-opens java.base/java.util=ALL-UNNAMED --add-opens java.base/java.lang=ALL-UNNAMED
java_class_path (initial): C:\Users\JEREMIE\.local\share\kilo\bin\jdtls\plugins\org.eclipse.equinox.launcher_1.7.100.v20251111-0406.jar
Launcher Type: SUN_STANDARD

[Global flags]
     intx CICompilerCount                          = 4                                         {product} {ergonomic}
     uint ConcGCThreads                            = 2                                         {product} {ergonomic}
     uint G1ConcRefinementThreads                  = 8                                         {product} {ergonomic}
   size_t G1HeapRegionSize                         = 1048576                                   {product} {ergonomic}
   size_t InitialHeapSize                          = 132120576                                 {product} {ergonomic}
   size_t MarkStackSize                            = 4194304                                   {product} {ergonomic}
   size_t MarkStackSizeMax                         = 536870912                                 {product} {ergonomic}
   size_t MaxHeapSize                              = 2090860544                                {product} {ergonomic}
   size_t MaxNewSize                               = 1254096896                                {product} {ergonomic}
   size_t MinHeapDeltaBytes                        = 1048576                                   {product} {ergonomic}
   size_t MinHeapSize                              = 8388608                                   {product} {ergonomic}
    uintx NonNMethodCodeHeapSize                   = 5832704                                {pd product} {ergonomic}
    uintx NonProfiledCodeHeapSize                  = 122945536                              {pd product} {ergonomic}
    uintx ProfiledCodeHeapSize                     = 122880000                              {pd product} {ergonomic}
    uintx ReservedCodeCacheSize                    = 251658240                              {pd product} {ergonomic}
     bool SegmentedCodeCache                       = true                                      {product} {ergonomic}
   size_t SoftMaxHeapSize                          = 2090860544                             {manageable} {ergonomic}
     bool UseCompressedOops                        = true                           {product lp64_product} {ergonomic}
     bool UseG1GC                                  = true                                      {product} {ergonomic}
     bool UseLargePagesIndividualAllocation        = false                                  {pd product} {ergonomic}

Logging:
Log output configuration:
 #0: stdout all=warning uptime,level,tags foldmultilines=false
 #1: stderr all=off uptime,level,tags foldmultilines=false

Environment Variables:
JAVA_HOME=E:\Programme\Java\jdk-24
PATH=E:\Programme\VSCode\Microsoft VS Code;E:\Programme\Java\jdk-24\bin;C:\Program Files\Common Files\Oracle\Java\javapath;E:\Programme\Vmware\bin\;E:\Programme\Python39\Scripts\;E:\Programme\Python39\;C:\WINDOWS\system32;C:\WINDOWS;C:\WINDOWS\System32\Wbem;C:\WINDOWS\System32\WindowsPowerShell\v1.0\;C:\WINDOWS\System32\OpenSSH\;E:\Programme\flutter\flutter\bin;E:\Programme\platform-tools;E:\Programme\Git\Git\cmd;C:\apktools;C:\Program Files\Docker\Docker\resources\bin;E:\Programme\nodejs\;E:\Programme\python38_32bit\Scripts\;E:\Programme\python38_32bit\;C:\Users\JEREMIE\AppData\Local\Microsoft\WindowsApps;E:\Programme\VSCode\Microsoft VS Code\bin;E:\Programme\MinGW\bin;E:\Programme\flutter\flutter\bin;E:\Programme\jdk;C:\Users\JEREMIE\.lmstudio\bin;E:\Programme\Nmap;C:\Users\JEREMIE\AppData\Local\Programs\Antigravity\bin;C:\Users\JEREMIE\AppData\Local\Microsoft\WindowsApps;C:\Users\JEREMIE\AppData\Roaming\npm;
USERNAME=JEREMIE
OS=Windows_NT
PROCESSOR_IDENTIFIER=Intel64 Family 6 Model 142 Stepping 12, GenuineIntel
TMP=C:\Users\JEREMIE\AppData\Local\Temp
TEMP=C:\Users\JEREMIE\AppData\Local\Temp




Periodic native trim disabled

---------------  S Y S T E M  ---------------

OS:
 Windows 11 , 64 bit Build 26100 (10.0.26100.7920)
OS uptime: 4 days 21:36 hours
Hyper-V role detected

CPU: total 8 (initial active 8) (4 cores per cpu, 2 threads per core) family 6 model 142 stepping 12 microcode 0xfa, cx8, cmov, fxsr, ht, mmx, 3dnowpref, sse, sse2, sse3, ssse3, sse4.1, sse4.2, popcnt, lzcnt, tsc, tscinvbit, avx, avx2, aes, erms, clmul, bmi1, bmi2, adx, fma, vzeroupper, clflush, clflushopt, hv, rdtscp, f16c
Processor Information for the first 8 processors :
  Max Mhz: 1992, Current Mhz: 796, Mhz Limit: 796

Memory: 4k page, system-wide physical 7971M (459M free)
TotalPageFile size 24750M (AvailPageFile size 8M)
current process WorkingSet (physical memory assigned to process): 429M, peak: 925M
current process commit charge ("private bytes"): 734M, peak: 930M

vm_info: Java HotSpot(TM) 64-Bit Server VM (24.0.1+9-30) for windows-amd64 JRE (24.0.1+9-30), built on 2025-03-05T07:23:45Z with MS VC++ 17.6 (VS2022)

END.
